lower,variants,is_proper,rep_word,rep_voca_id,merge_voca_ids,add_meaning_ids
abandon,abandon#1624 | abandon#52418,,abandon,1624,52418,
abstract,abstract#2058 | abstract#52341,,abstract,2058,52341,
acceptance,acceptance#11422 | acceptance#52104,,acceptance,11422,52104,
accomplish,accomplish#6985 | accomplish#52069,,accomplish,6985,52069,
accumulate,accumulate#7375 | accumulate#52419,,accumulate,7375,52419,
accurate,accurate#2389 | accurate#52438,,accurate,2389,52438,
actively,actively#26742 | actively#52092,,actively,26742,52092,
adjunct,adjunct#8482 | adjunct#52132,,adjunct,8482,52132,
admire,admire#686 | admire#52457,,admire,686,52457,
admission,admission#2768 | admission#51993,,admission,2768,51993,
adverse,adverse#2289 | adverse#52210 | adverse#52252 | adverse#52300,,adverse,2289,"52210,52252,52300",
africa,africa#16308 | Africa#33990,Y,Africa,33990,16308,
african,african#2209 | African#33989,Y,African,33989,2209,
alan,Alan#50066 | alan#50301,Y,Alan,50066,50301,
alma,Alma#30019 | alma#48888,Y,Alma,30019,48888,
alter,alter#1633 | alter#52439,,alter,1633,52439,
ambiguity,ambiguity#7284 | ambiguity#52264 | ambiguity#52312,,ambiguity,7284,"52264,52312",
america,america#5343 | America#33985,Y,America,33985,5343,
amy,amy#28454 | Amy#50197,Y,Amy,50197,28454,
analyze,analyze#1635 | analyze#52321,,analyze,1635,52321,
anatomy,anatomy#3827 | anatomy#52043,,anatomy,3827,52043,
andy,andy#16970 | Andy#50214,Y,Andy,50214,16970,
annie,annie#36268 | Annie#50138,Y,Annie,50138,36268,
announce,announce#421 | announce#52055,,announce,421,52055,
antarctic,antarctic#16476 | Antarctic#34368,Y,Antarctic,34368,16476,
antarctica,Antarctica#35141 | antarctica#51872,Y,Antarctica,35141,51872,
anticipate,anticipate#908 | anticipate#52440,,anticipate,908,52440,
apache,Apache#30024 | apache#43979,Y,Apache,30024,43979,
approach,approach#267 | approach#52322,,approach,267,52322,
appropriate,appropriate#573 | appropriate#52441,,appropriate,573,52441,
architect,architect#9737 | architect#52074,,architect,9737,52074,
architecture,architecture#6981 | architecture#51977,,architecture,6981,51977,
article,article#2737 | article#52223,,article,2737,52223,
ashley,ashley#48895 | Ashley#50148,Y,Ashley,50148,48895,
asia,asia#16309 | Asia#34003,Y,Asia,34003,16309,
aspect,aspect#3187 | aspect#52363,,aspect,3187,52363,
aspiration,aspiration#12372 | aspiration#52320,,aspiration,12372,52320,
assume,assume#182 | assume#52323,,assume,182,52323,
attribute,attribute#1886 | attribute#52045 | attribute#52364,,attribute,1886,"52045,52364",
auction,auction#2733 | auction#51962 | auction#52052,,auction,2733,"51962,52052",
audrey,audrey#12950 | Audrey#49967,Y,Audrey,49967,12950,
avoid,avoid#429 | avoid#52093,,avoid,429,52093,
awareness,awareness#7498 | awareness#52000,,awareness,7498,52000,
biocompatibility,biocompatibility#51684 | biocompatibility#51703,,biocompatibility,51684,51703,
biopsy,biopsy#51695 | biopsy#51705,,biopsy,51695,51705,
braces,braces#51605 | braces#51634,,braces,51605,51634,
breakthrough,breakthrough#8775 | breakthrough#52041,,breakthrough,8775,52041,
brian,brian#35483 | Brian#50199,Y,Brian,50199,35483,
cancel,cancel#1892 | cancel#52062,,cancel,1892,52062,
capacity,capacity#815 | capacity#51976 | capacity#52123 | capacity#52344,,capacity,815,"51976,52123,52344",
capital,capital#728 | capital#51983 | capital#52079,,capital,728,"51983,52079",
chateau,chateau#10212,,chateau,10212,,
christine,christine#37491 | Christine#49946,Y,Christine,49946,37491,
christmas,christmas#8048 | Christmas#34086,Y,Christmas,34086,8048,
château,château#51344,,château,51344,,
circumstance,circumstance#4514 | circumstance#52167 | circumstance#52345,,circumstance,4514,"52167,52345",
claire,claire#29482 | Claire#49986,Y,Claire,49986,29482,
cliche,cliche#6476,,cliche,6476,,
cliché,cliché#47636,,cliché,47636,,
cliff,cliff#12529 | cliff#52178,,cliff,12529,52178,
collection,collection#9348 | collection#52051,,collection,9348,52051,
complementary,complementary#10630 | complementary#52403,,complementary,10630,52403,
complex,complex#923 | complex#52326,,complex,923,52326,
composer,composer#10078 | composer#52145,,composer,10078,52145,
compromise,compromise#3716 | compromise#52366,,compromise,3716,52366,
concept,concept#7790 | concept#52103,,concept,7790,52103,
confident,confident#1429 | confident#52064,,confident,1429,52064,
congested,congested#10649 | congested#52214 | congested#52256 | congested#52304,,congested,10649,"52214,52256,52304",
consciously,consciously#12865 | consciously#51997,,consciously,12865,51997,
consensus,consensus#8302 | consensus#52142,,consensus,8302,52142,
consequence,consequence#2915 | consequence#51986 | consequence#52347,,consequence,2915,"51986,52347",
consistent,consistent#2368 | consistent#52327,,consistent,2368,52327,
contagion,contagion#15221 | contagion#52024,,contagion,15221,52024,
contract,contract#1149 | contract#51998,,contract,1149,51998,
contradict,contradict#9130 | contradict#52348 | contradict#52459,,contradict,9130,"52348,52459",
contribute,contribute#1748 | contribute#52328,,contribute,1748,52328,
contribution,contribution#3264 | contribution#52105,,contribution,3264,52105,
convert,convert#1655 | convert#52443,,convert,1655,52443,
coverage,coverage#854 | coverage#52016,,coverage,854,52016,
crucial,crucial#2198 | crucial#52444,,crucial,2198,52444,
dave,dave#34608 | Dave#50213,Y,Dave,50213,34608,
david,david#10616 | David#29975,Y,David,29975,10616,
decline,decline#841 | decline#52445,,decline,841,52445,
decor,decor#21965,,decor,21965,,
demonstrate,demonstrate#1738 | demonstrate#52329,,demonstrate,1738,52329,
density,density#10642 | density#52212 | density#52254 | density#52302 | density#52446,,density,10642,"52212,52254,52302,52446",
depart,depart#1593 | depart#52461,,depart,1593,52461,
dependent,dependent#2243 | Dependent#30291,Y,Dependent,30291,2243,
depict,depict#1574 | depict#52088,,depict,1574,52088,
deprive,deprive#466 | deprive#52462,,deprive,466,52462,
desirable,desirable#2505 | desirable#52072,,desirable,2505,52072,
detect,detect#1681 | detect#52463,,detect,1681,52463,
detente,detente#21571,,detente,21571,,
diane,diane#45356 | Diane#50073,Y,Diane,50073,45356,
disappointed,disappointed#2512 | disappointed#52067,,disappointed,2512,52067,
disappointment,disappointment#10014 | disappointment#52187 | disappointment#52228 | disappointment#52276,,disappointment,10014,"52187,52228,52276",
discard,discard#4333 | discard#52407,,discard,4333,52407,
discipline,discipline#5787 | discipline#51979,,discipline,5787,51979,
discouraged,discouraged#21549 | discouraged#52068,,discouraged,21549,52068,
disparate,disparate#17653 | disparate#52203 | disparate#52246 | disparate#52294,,disparate,17653,"52203,52246,52294",
disposition,disposition#6795 | disposition#52116,,disposition,6795,52116,
distribution,distribution#3066 | distribution#52213 | distribution#52255 | distribution#52303,,distribution,3066,"52213,52255,52303",
donation,donation#2751 | donation#51963 | donation#52053,,donation,2751,"51963,52053",
dramatically,dramatically#10572 | dramatically#52189 | dramatically#52230 | dramatically#52278,,dramatically,10572,"52189,52230,52278",
décor,décor#31338,,décor,31338,,
détente,détente#43282,,détente,43282,,
eddie,eddie#35867 | Eddie#50105,Y,Eddie,50105,35867,
elaborate,elaborate#2149 | elaborate#52466,,elaborate,2149,52466,
eliminate,eliminate#1883 | eliminate#52198 | eliminate#52239 | eliminate#52287 | eliminate#52424,,eliminate,1883,"52198,52239,52287,52424",
emphasize,emphasize#1457 | emphasize#52330,,emphasize,1457,52330,
empirical,empirical#2569 | empirical#52385,,empirical,2569,52385,
encounter,encounter#1732 | encounter#52164 | encounter#52191 | encounter#52232 | encounter#52280,,encounter,1732,"52164,52191,52232,52280",
enforcement,enforcement#11430 | enforcement#52020,,enforcement,11430,52020,
erica,Erica#30186 | erica#49314,Y,Erica,30186,49314,
establish,establish#386 | establish#52332,,establish,386,52332,
ethan,ethan#48597 | Ethan#50000,Y,Ethan,50000,48597,
eurasia,eurasia#31449 | Eurasia#34119,Y,Eurasia,34119,31449,
european,european#320 | European#16737,Y,European,16737,320,
evince,evince#8457 | evince#52156,,evince,8457,52156,
exceed,exceed#1708 | exceed#52097,,exceed,1708,52097,
exclaim,exclaim#9710 | exclaim#52180,,exclaim,9710,52180,
expand,expand#961 | expand#52468,,expand,961,52468,
expert,expert#3646 | expert#52173,,expert,3646,52173,
expression,expression#3029 | expression#52155,,expression,3029,52155,
facade,facade#6511,,facade,6511,,
facilitate,facilitate#1024 | facilitate#51987 | facilitate#52083 | facilitate#52369,,facilitate,1024,"51987,52083,52369",
façade,façade#47638,,façade,47638,,
finite,finite#10665 | finite#52370,,finite,10665,52370,
gwen,gwen#28814 | Gwen#50204,Y,Gwen,50204,28814,
hallmark,hallmark#7288 | hallmark#52319,,hallmark,7288,52319,
hesitation,hesitation#16323 | hesitation#52050,,hesitation,16323,52050,
highest,highest#16922 | highest#52095,,highest,16922,52095,
hilda,hilda#28398 | Hilda#50167,Y,Hilda,50167,28398,
hypothesis,hypothesis#6774 | hypothesis#52352,,hypothesis,6774,52352,
identify,identify#417 | identify#52154 | identify#52182 | identify#52334,,identify,417,"52154,52182,52334",
imitation,imitation#19169 | imitation#52121,,imitation,19169,52121,
implementation,implementation#14072 | implementation#52216 | implementation#52258 | implementation#52306,,implementation,14072,"52216,52258,52306",
independent,independent#694 | independent#52220 | independent#52262 | independent#52310,,independent,694,"52220,52262,52310",
indifferent,indifferent#6983 | indifferent#52063,,indifferent,6983,52063,
induce,induce#1910 | induce#52390,,induce,1910,52390,
influential,influential#2075 | influential#52098,,influential,2075,52098,
infrastructure,infrastructure#3980 | infrastructure#52356,,infrastructure,3980,52356,
ingredient,ingredient#948 | ingredient#51968 | ingredient#52059,,ingredient,948,"51968,52059",
innate,innate#13713 | innate#52115,,innate,13713,52115,
innovation,innovation#14898 | innovation#51991 | innovation#52029 | innovation#52129,,innovation,14898,"51991,52029,52129",
inordinate,inordinate#19719 | inordinate#52032,,inordinate,19719,52032,
insight,insight#8420 | insight#52205 | insight#52248 | insight#52296,,insight,8420,"52205,52248,52296",
interface,interface#5482 | interface#51990,,interface,5482,51990,
interfere,interfere#1502 | interfere#52148,,interfere,1502,52148,
interpersonal,interpersonal#10571 | interpersonal#52009,,interpersonal,10571,52009,
interpret,interpret#1632 | interpret#52335,,interpret,1632,52335,
interpretation,interpretation#14500 | interpretation#52131,,interpretation,14500,52131,
intuition,intuition#10851 | intuition#52194 | intuition#52235 | intuition#52283,,intuition,10851,"52194,52235,52283",
irredentism,Irredentism#30096 | irredentism#32600,Y,Irredentism,30096,32600,
jamie,jamie#36265 | Jamie#49982,Y,Jamie,49982,36265,
jealous,jealous#2699 | jealous#52066,,jealous,2699,52066,
jerry,jerry#5427 | Jerry#30145,Y,Jerry,30145,5427,
jessica,jessica#28952 | Jessica#50038,Y,Jessica,50038,28952,
journalism,journalism#17107 | journalism#52268 | journalism#52316,,journalism,17107,"52268,52316",
julia,julia#28808 | Julia#50120,Y,Julia,50120,28808,
junction,junction#8490 | junction#52192 | junction#52233 | junction#52281,,junction,8490,"52192,52233,52281",
justify,justify#1616 | justify#52427,,justify,1616,52427,
kate,kate#37698 | Kate#49389,Y,Kate,49389,37698,
kevin,kevin#29477 | Kevin#50044,Y,Kevin,50044,29477,
length,length#2868 | length#52112,,length,2868,52112,
liberation,liberation#5994 | liberation#52011,,liberation,5994,52011,
liz,liz#36985 | Liz#50083,Y,Liz,50083,36985,
luxury,luxury#2731 | luxury#52141,,luxury,2731,52141,
maintain,maintain#425 | maintain#52336,,maintain,425,52336,
mandate,mandate#8151 | mandate#52209 | mandate#52251 | mandate#52299,,mandate,8151,"52209,52251,52299",
manipulate,manipulate#476 | manipulate#52393,,manipulate,476,52393,
manipulation,manipulation#8172 | manipulation#52042,,manipulation,8172,52042,
manoeuvre,manoeuvre#12512,,manoeuvre,12512,,
manœuvre,manœuvre#49795,,manœuvre,49795,,
mason,mason#17362 | Mason#30050,Y,Mason,30050,17362,
matinee,matinee#10641,,matinee,10641,,
matineé,matineé#31817,,matineé,31817,,
mike,mike#5453 | Mike#29978,Y,Mike,29978,5453,
monica,monica#49371 | Monica#50178,Y,Monica,50178,49371,
mutual,mutual#2481 | mutual#52453,,mutual,2481,52453,
naive,naive#5780,,naive,5780,,
narrative,narrative#11401 | narrative#52169,,narrative,11401,52169,
nationality,nationality#4173 | Nationality#30037,Y,Nationality,30037,4173,
naïve,naïve#26701,,naïve,26701,,
nonetheless,nonetheless#7537 | nonetheless#52411,,nonetheless,7537,52411,
notwithstanding,notwithstanding#17668 | notwithstanding#52030,,notwithstanding,17668,52030,
obstacle,obstacle#6902 | obstacle#52430,,obstacle,6902,52430,
obtain,obtain#420 | obtain#52454,,obtain,420,52454,
outcome,outcome#6993 | outcome#51975 | outcome#52073,,outcome,6993,"51975,52073",
overcome,overcome#934 | overcome#52181,,overcome,934,52181,
paradoxical,paradoxical#19326 | paradoxical#52266 | paradoxical#52314,,paradoxical,19326,"52266,52314",
parallel,parallel#1040 | parallel#52413,,parallel,1040,52413,
participate,participate#1720 | participate#52108 | participate#52338,,participate,1720,"52108,52338",
passionate,passionate#8144 | passionate#52183 | passionate#52224 | passionate#52272,,passionate,8144,"52183,52224,52272",
pedal,pedal#8169 | pedal#52179,,pedal,8169,52179,
perception,perception#11204 | perception#52221 | perception#52263 | perception#52311,,perception,11204,"52221,52263,52311",
perspective,perspective#794 | perspective#52085 | perspective#52357,,perspective,794,"52085,52357",
peter,peter#17589 | Peter#30469,Y,Peter,30469,17589,
philip,philip#45757 | Philip#50072,Y,Philip,50072,45757,
potent,potent#14619 | potent#52196 | potent#52237 | potent#52285,,potent,14619,"52196,52237,52285",
potential,potential#789 | potential#52081 | potential#52339,,potential,789,"52081,52339",
precise,precise#2393 | precise#52376,,precise,2393,52376,
precision,precision#11939 | precision#52168,,precision,11939,52168,
predominant,predominant#12639 | predominant#52395,,predominant,12639,52395,
preferentially,preferentially#24820 | preferentially#52119,,preferentially,24820,52119,
preparation,preparation#3883 | preparation#52176,,preparation,3883,52176,
preserve,preserve#1661 | preserve#52455,,preserve,1661,52455,
prestige,prestige#13017 | prestige#52431,,prestige,13017,52431,
principle,principle#9096 | principle#52358,,principle,9096,52358,
probability,probability#20859 | probability#52197 | probability#52238 | probability#52286,,probability,20859,"52197,52238,52286",
productivity,productivity#1401 | productivity#51974 | productivity#52071,,productivity,1401,"51974,52071",
prolong,prolong#9208 | prolong#52035,,prolong,9208,52035,
proportion,proportion#9356 | proportion#52199 | proportion#52240 | proportion#52288,,proportion,9356,"52199,52240,52288",
propose,propose#257 | propose#52102,,propose,257,52102,
protege,protege#20644,,protege,20644,,
protégé,protégé#39653,,protégé,39653,,
rational,rational#2467 | rational#52415,,rational,2467,52415,
recognizable,recognizable#17831 | recognizable#52149,,recognizable,17831,52149,
regulation,regulation#4789 | regulation#52207,,regulation,4789,52207,
relevant,relevant#1819 | relevant#52340,,relevant,1819,52340,
reluctant,reluctant#2518 | reluctant#52433,,reluctant,2518,52433,
resonate,resonate#11545 | resonate#52087,,resonate,11545,52087,
respondent,respondent#24650 | respondent#52094,,respondent,24650,52094,
royal,royal#344 | Royal#30323,Y,Royal,30323,344,
sally,sally#22508 | Sally#30474,Y,Sally,30474,22508,
sculptor,sculptor#4748 | sculptor#51995,,sculptor,4748,51995,
sean,sean#44450 | Sean#50130,Y,Sean,50130,44450,
setting,setting#5293 | setting#52161,,setting,5293,52161,
shift,shift#1030 | shift#52080,,shift,1030,52080,
shortage,shortage#4210 | shortage#51967 | shortage#52058,,shortage,4210,"51967,52058",
sign up,sign up#52186 | sign up#52227 | sign up#52275,,sign up,52186,"52227,52275",
slippery,slippery#1141 | slippery#51972 | slippery#52061,,slippery,1141,"51972,52061",
smith,smith#10346 | Smith#29920,Y,Smith,29920,10346,
specific,specific#365 | specific#52217 | specific#52259 | specific#52307,,specific,365,"52217,52259,52307",
status,status#971 | status#52267 | status#52315,,status,971,"52267,52315",
subjectivity,subjectivity#28194 | subjectivity#52200 | subjectivity#52242 | subjectivity#52290,,subjectivity,28194,"52200,52242,52290",
submission,submission#10810 | submission#52111,,submission,10810,52111,
suboptimal,suboptimal#21962 | suboptimal#52195 | suboptimal#52236 | suboptimal#52284,,suboptimal,21962,"52195,52236,52284",
subsequent,subsequent#2211 | subsequent#52359,,subsequent,2211,52359,
subsistence,subsistence#19445 | subsistence#52047,,subsistence,19445,52047,
substantial,substantial#1944 | substantial#52113,,substantial,1944,52113,
substitute,substitute#482 | substitute#52170,,substitute,482,52170,
sufficient,sufficient#1957 | sufficient#52456,,sufficient,1957,52456,
superficial,superficial#9288 | superficial#52002,,superficial,9288,52002,
susan,Susan#50136 | susan#50710,Y,Susan,50136,50710,
sustainability,sustainability#15171 | sustainability#52378,,sustainability,15171,52378,
synthetic,synthetic#15251 | synthetic#52037,,synthetic,15251,52037,
tangible,tangible#4348 | tangible#52398,,tangible,4348,52398,
temporary,temporary#956 | temporary#52091,,temporary,956,52091,
theorist,theorist#24716 | theorist#52158,,theorist,24716,52158,
tony,tony#10341 | Tony#30131,Y,Tony,30131,10341,
toothbrushing,toothbrushing#51635 | toothbrushing#51664,,toothbrushing,51635,51664,
toxicity,toxicity#21296 | toxicity#52038,,toxicity,21296,52038,
uncertainty,uncertainty#7587 | uncertainty#52193 | uncertainty#52234 | uncertainty#52282,,uncertainty,7587,"52193,52234,52282",
under construction,under construction#52185 | under construction#52226 | under construction#52274,,under construction,52185,"52226,52274",
undermine,undermine#1449 | undermine#52435,,undermine,1449,52435,
underpinning,underpinning#14312 | underpinning#52007,,underpinning,14312,52007,
unfamiliar,unfamiliar#21126 | unfamiliar#52151,,unfamiliar,21126,52151,
unimaginable,unimaginable#9448 | unimaginable#52106,,unimaginable,9448,52106,
unique,unique#2206 | unique#52146,,unique,2206,52146,
urban,urban#1970 | urban#52089,,urban,1970,52089,
utilize,utilize#7567 | utilize#52436,,utilize,7567,52436,
valid,valid#2478 | valid#52399,,valid,2478,52399,
variation,variation#11429 | variation#52040,,variation,11429,52040,
volume,volume#5068 | volume#51984,,volume,5068,51984,
voluntary,voluntary#2229 | voluntary#52437,,voluntary,2229,52437,
