lower,rep_voca_id,merge_voca_ids,add_meaning_ids
aaron,50057,31991,
accommodate,916,"51988,52084,52361",133487
acknowledge,1631,52400,
acquire,1737,52342,
acquisition,7542,"52135,52215,52257,52305",
acron,46321,48224,
adolescent,1266,37610,101573
advanced,2358,29844,
advocate,1521,52362,
after,3820,45606,
agency,742,"52265,52313",133881
agglutination,37867,44564,
agitate,6833,32996,
alive,2212,48238,
allograft,51728,51775,
ally,3812,37536,
although,3810,45596,
alveoloplasty,51647,51779,
amanda,50217,47935,
amazing,2066,36165,
ambiguous,11373,52380,
ambition,1433,48243,
american,33984,338,
anna,50090,27459,
annually,15168,"52184,52225,52273",
apexification,51614,51730,
apicoectomy,51615,51742,
apollo,25779,34011,
apple,3799,"36222,51960",
appreciably,19388,52039,
arabic,22036,36189,98619
arbitrary,2333,52381,
archly,39383,48572,
arctic,16306,29932,
arteriole,44460,44560,
as,1364,45597,
asa,50212,35902,
asian,34002,2059,
aspiring,8859,52075,
ass,9664,45425,
assess,1744,"52023,52401",
assuage,11029,33003,
atlantic,33900,10219,
attrite,39745,28024,
australian,2455,33996,
austrian,34726,33994,
authentic,6310,52420,
autograph,7819,48407,
autonomy,10260,"52211,52253,52301",
baltic,25836,33974,
banking,26896,27788,
become,137,48242,
before,3777,45605,
beguile,20294,33017,
benefit,957,52324,
berlin,25861,33967,
bias,11518,52421,
billing,12947,27784,80829
bobby,50233,30501,86203
bonded,18204,28030,81283
boston,49985,28628,
boulevard,48391,10274,
boundless,12838,52174,
brad,50075,50882,
brady,50062,30567,
brandish,6342,33000,
brazilian,10603,41035,
breathtaking,12017,52175,
british,286,34986,
brown,50207,2007,
brutal,7404,29851,
buddhist,2724,37332,
burden,674,47599,
cadence,16439,52147,
cajole,17271,32999,
calcification,51645,51697,
caleb,50219,32008,
canadian,1314,36192,
capillary,17530,44558,
capitol,7532,35142,
cariogenic,51640,51772,
carnival,9310,9491,
caroline,49959,28399,
carter,49962,41407,
catholic,2363,36482,
centerpiece,13802,"52241,52289",
chat,478,36163,
chinese,2226,35337,
chloe,50045,14534,
circumvent,11638,33016,
civic,30130,20876,
clarify,866,52458,
close-knit,36331,52021,
clot,14159,44555,
cloudy,4593,36234,
cognitive,2281,"52346,52422",
coherent,2328,52382,
collaborate,7360,52402,
collectively,10900,40183,
communist,2215,16736,
compensate,1591,"52325,52365",
complement,1142,"52133,52383",
composite,6424,30378,
conclude,1766,29813,
condemn,1887,52404,
confinement,7314,29821,
confirm,228,"52405,52442",
conform,506,52033,
congratulation,1395,37645,
congress,1078,30106,
conscientiously,18504,29847,
consign,15182,33012,
constitute,1654,"52019,52367",
context,6949,"52150,52162",
continental,30107,2106,
coordination,15346,"52025,52048",
correspond,1901,52460,
cost,205,29825,
counter-productive,48875,9395,
critique,17941,"52201,52244,52292",
crown,4681,30361,85989
crude,2594,36257,
customer,3246,45797,
cv,36334,45438,
dan,50165,42077,
daniel,50117,16217,
danny,50021,45021,
daphne,50094,47320,
daunt,8972,48570,
dean,50245,12894,41599
december,8030,16716,
declaration,842,28031,
definitely,4853,52177,
delegate,7357,33010,
dentinogenesis,51643,51752,
depreciation,9859,45585,
derive,1782,"52349,52406,52447",
determinate,21570,52163,
determined,2538,37469,
diana,50161,25969,
diastole,24042,44553,
diminish,444,"52384,52423,52464",
diminishing,27967,52010,
director,1290,40180,107467
disclosure,8332,"52206,52249,52297",
disconcert,20545,32994,
discourse,15136,52036,
dismember,16526,33007,
displacement,12615,52044,
distinctive,2495,52368,
distribute,1702,"52350,52448",
dominate,1146,52465,
don,50129,5498,"19877,19878"
downpour,20438,"51971,52060",
draining,28159,9396,"31266,31267"
drawback,10594,28028,
drowsiness,10653,29796,
dutch,2475,30020,
eastern,1959,36591,
eccentricity,21506,28009,81257
economic,305,15620,
edward,50229,28442,
electronic,2269,37430,
electronics,16522,27767,
emerge,244,52467,
enameloplasty,51690,51696,
encapsulation,31170,45291,118192
endangered,8000,37416,
endosseous,51651,51732,
enduring,15828,52138,
english,341,34123,
englishness,47234,39089,
enhance,895,"52070,52134",
enlightened,10497,"52202,52245,52293",
ensure,410,52331,
eric,50054,28872,
ethnic,36118,2468,
europe,34118,5336,
evaluate,1881,"52351,52449",
exactly,1366,4863,
excel,12582,29835,
excitedly,30628,37477,
exhausting,7451,52012,
exodontia,51712,51763,
exploit,1875,"29797,52386,52469",
explore,48226,602,
false,2250,47620,
fixture,10180,28007,
flexibility,15925,"52017,52208,52250,52298",
flexible,2461,"52136,52450",
flippers,35352,37424,
fluctuate,7364,52387,
fluctuation,6781,"29806,52371",
fluorapatite,51649,51680,
foreground,21401,52126,
fortunately,7017,30272,
foster,8192,52001,
framework,14237,"29942,52425",
frenectomy,51729,51770,
frustrate,6925,"36169,52470",
frustrated,5020,29800,
fundamental,2008,"52333,52372",
funny,2002,35669,
further,943,40184,
futuristic,13191,52144,
gingivectomy,51625,51628,
gingivoplasty,51706,51754,
given,2366,30609,
granted,12943,33483,
grateful,1229,"37468,51969",
guarantee,739,52451,
hail,6091,29852,
halloween,12309,34739,
hank,50201,39151,
happy,5,47937,
hardly,4835,36255,
helena,50252,28630,
hemisection,51723,51741,
henry,50085,10356,
herald,13261,30280,
hierarchy,6776,52388,
highlight,11258,52408,
hindu,33692,36600,
hispanic,33859,13173,
hit,191,37344,
hollywood,4809,30021,
homer,49997,29279,"84193,84195"
homogeneous,13951,28027,
id,35698,40897,
identification,7965,52222,
identifying,28712,52271,
illustrate,1769,"29856,52159",
implantology,51627,51718,
implement,1637,52353,
implicit,2301,52389,
imply,1767,52354,
imposter,48566,16506,
incentive,8877,"52006,52373",
incisal,51745,51757,
indecisive,11983,36250,
individually,8408,34552,
inevitable,2401,"52008,52355,52409,52471",
inhabit,6876,52004,
inherent,2155,52391,
insalvageable,39066,40115,
integrate,1909,52426,
internet,5286,35054,
interproximal,51711,51727,
intervene,1516,52374,
invariably,9264,52157,
inviting,9035,29816,
involvement,6628,52005,
isaac,50089,31645,
isolate,1497,43940,
isolated,2543,52166,
israelite,27279,41013,
issue,241,30822,
it,3560,37337,101099
italy,7958,35583,
jackson,50251,28632,
james,50033,8575,
jane,49384,10598,
jennifer,50071,45357,
jenny,49999,28452,"82246,82247"
jig,30668,28006,
jill,50180,30566,
jim,50048,44620,
joe,50067,12892,"41591,41592"
john,50002,5205,
johnny,50144,18349,
join,387,30819,
josh,50059,12803,"41080,41081"
judaism,27562,40885,
judge,1608,"51964,52054",
karen,50077,10606,
kelly,50241,28453,
keystone,20437,52046,
kim,49950,45341,
lack,30818,1053,
landscape,4429,30817,
larry,50100,7499,
last,1780,30815,
latin,2490,36188,
launch,1740,29804,
leap,1924,36148,
lease,7950,30814,
lee,50131,23046,
lengthy,2288,30813,
letterhead,30458,26744,
letters,50170,27780,
liable,2482,30811,
liberate,3001,"52375,52392",
like-minded,39075,40110,
likely,307,30809,
lily,50228,4436,16324
limited,1853,30808,
listing,7946,30807,
localized,19123,"52218,52260,52308",
logic,7824,52452,
long,283,36162,
lucrative,6110,"52269,52317",
lure,6757,33015,91914
luting,51621,51659,
mac,50087,44927,
machiavellism,46863,33137,
makeup,4422,48410,124636
malalignment,51610,51636,
malcolm,50133,49648,
manifest,6752,"30099,52428",
manual,2182,51980,
mark,30322,245,
martin,50211,10353,
mary,50064,18374,
mater,30543,30018,85525
matter-of-fact,39074,40109,
measuring,29183,47113,
mechanism,10025,52137,
media,51538,27744,80789
meeting,1381,37700,
memorable,8699,52110,
mend,2657,29802,
merge,504,52472,
michael,30166,4100,
michelle,50193,50515,
microabrasion,51667,51734,
mindful,11564,29823,
miss,108,37458,
mitigate,6746,33004,
modify,1899,52410,
mogul,14462,38460,
molly,50079,35204,
moroccan,9694,36612,
motivated,10020,"52190,52231,52279",
mouthguard,51688,51720,
mrs,5388,35027,
ms,5340,35026,
muslim,25725,33474,
nancy,50153,37438,
nonfiction,21912,48417,
notion,10172,52429,
november,7920,41023,
nutritious,2713,"51966,52057",
obscure,6738,52412,134132
occlusion,51731,51738,
october,7919,35727,
odontoplasty,51702,51740,
offend,3157,29826,
offensive,3496,36256,
ok,2303,26946,
once,3491,45601,
onlay,51710,51733,
origin,4398,29832,
ostensible,10787,34544,
overdenture,51755,51765,
overjet,51646,51714,
overlooker,42962,40178,
paul,50001,30484,
pentecost,50393,28252,
perceive,1715,"52219,52261,52309,52473",
percentage,4403,52096,
perceptual,15843,50352,
perfect,1279,37495,
performance,1013,"37347,52188,52229,52277",
periapical,51715,51746,
pericoronitis,51747,51750,
periodontist,51701,51769,
personnel,9364,27777,
persuade,1787,36172,
perturb,19322,32995,
pete,50124,34979,
phil,49956,38487,
philistine,21166,38440,
posture,12217,28025,
potable,17895,36151,
precipitate,12538,52165,
predicament,3863,52031,
predominate,20286,52130,
profitable,2131,29811,
prophy,51650,51753,
proprietary,11053,52028,
prospective,2146,52377,
prosperous,12355,29837,
proteus,49965,47353,
protrusion,20249,52122,
provoke,1454,36248,
psychological,2399,52152,
puritan,17855,34854,
rachel,50186,45753,
radiograph,51656,51778,
radiographic,51648,51748,
radiolucent,51654,51736,
randy,49979,27350,
reap,6363,36149,
recontouring,51751,51777,
redeemable,2738,45586,
refreshing,3113,29848,
refundable,12941,51994,
register,1672,52120,
rehearse,5931,"51965,52056",
relegate,33011,"4654,52034",
reluctance,21074,"52270,52318",
remineralization,51641,51739,
remit,6716,33009,
remote,764,52018,
render,1917,"52204,52247,52295",
reorganize,13032,51985,
representational,32038,52128,
restore,1647,"29818,52397",
restrict,1650,"29809,52474",
rex,50173,3240,12254
rhyme,16269,30466,
rick,50018,12957,
robert,49973,43688,
roger,50118,26169,"76863,76864"
rose,50019,4963,"18042,18043"
ross,50013,12956,
russian,1981,36611,
salaries,49372,27773,
sarah,50248,32963,
satisfied,2373,52065,
scant,18485,48561,
scholarship,2750,"51981,52077",
score,1295,52143,
scott,50192,8688,
sequence,2779,52416,
seth,50220,34863,
sharon,50070,18339,
shipment,11186,30433,
shipping,24154,27769,
shout,1763,37453,
shut,1784,48223,
silvery,23696,37352,
simon,50060,45748,
since,3254,45598,
so,3394,37175,
sora,28957,49386,
spartan,21953,43994,
specifications,30750,27763,
startle,6869,52022,
stephen,50115,31625,
steve,50179,48593,
stimulate,1452,52434,
striking,2105,52160,
struggling,12570,30413,
subcontractor,28828,28010,
subgingival,51662,51725,
subject,1560,52153,
substance,3376,"51982,52078",
sue,50172,1547,6260
sunburn,6661,48409,
sunny,4600,36233,
swipe,6519,52171,
tad,50208,12001,"39062,39064"
taiwanese,34729,36609,
taxis,49415,27759,80804
taylor,50181,29051,
tedious,8681,50353,
theoretical,2379,51978,
thomas,49971,28451,
tibetan,25155,36606,
tiresome,14647,44500,
titan,26403,50471,
tom,49387,5298,19147
tortilla,5878,35672,
transform,1710,"52360,52417",
trap,1446,49888,
treatment,3337,29820,
trey,50126,10069,
trimming,30782,28029,
trouble,745,48227,
truncate,18919,33005,
tuesday,4968,31979,
turkey,4549,49948,
uncovered,20969,29855,
undaunted,8975,48569,
unless,675,45593,
unsatisfied,29857,40875,
venule,44459,44536,
verify,6687,52379,
vindicate,11644,32998,
wafer,26254,43491,114566
wanted,10834,31262,
washington,17199,29919,
watchdog,4057,30392,86024
western,1800,36590,
whereas,4860,45594,
while,3294,45603,
william,49963,37557,
worth,626,29812,
yield,1915,52475,
