lower,variants,is_proper,rep_word,rep_voca_id,merge_voca_ids,rep_meanings,extra_candidates
aaron,aaron#31991 | Aaron#50057,Y,Aaron,50057,31991,이름,"[{""mid"": 89619, ""text"": ""아론""}, {""mid"": 89620, ""text"": ""모세의 형""}, {""mid"": 89621, ""text"": ""유대교 최초의 제사장""}]"
accommodate,accommodate#916 | accommodate#51988 | accommodate#52084 | accommodate#52361,,accommodate,916,"51988,52084,52361",수용하다 / 받아들이다 / 숙박하다,"[{""mid"": 133487, ""text"": ""(요구 등을) 부응하다""}, {""mid"": 133634, ""text"": ""부응하다""}]"
acknowledge,acknowledge#1631 | acknowledge#52400,,acknowledge,1631,52400,받아들이다 / 승인하다 / 인정하다 / 감사하다 / 확인하다 / 시인하다 / 알다 / …을 인정하다,"[{""mid"": 134110, ""text"": ""감사를 표하다""}]"
acquire,acquire#1737 | acquire#52342,,acquire,1737,52342,갖다 / 배우다 / 얻다 / 쟁취하다 / 구입하다 / 획득하다 / 인수하다,"[{""mid"": 133999, ""text"": ""습득하다""}]"
acquisition,acquisition#7542 | acquisition#52135 | acquisition#52215 | acquisition#52257 | acquisition#52305,,acquisition,7542,"52135,52215,52257,52305",향상 / 취득 / 인수 / 획득 / 습득,"[{""mid"": 133811, ""text"": ""구입""}]"
acron,acron#46321 | Acron#48224,,acron,46321,48224,구전부 / 선절,"[{""mid"": 124270, ""text"": ""도토리""}]"
adolescent,adolescent#1266 | Adolescent#37610,,adolescent,1266,37610,청년 / 청소년,"[{""mid"": 101572, ""text"": ""청춘기의""}, {""mid"": 101573, ""text"": ""사춘기의""}]"
advanced,advanced#2358 | Advanced#29844,,advanced,2358,29844,진보한 / 앞선 / 고등의 / 진행한 / 선진의,"[{""mid"": 85250, ""text"": ""증진시키다""}]"
advocate,advocate#1521 | advocate#52362,,advocate,1521,52362,주장하다 / 옹호하다 / 옹호자 / 변호사 / 대변자 / 지지자,"[{""mid"": 134034, ""text"": ""지지하다""}]"
after,after#3820 | After#45606,,after,3820,45606,…뒤에 / 그 후 / 다음의 / …하고 나서 / …후에,"[{""mid"": 118810, ""text"": ""나중ㅇ에""}]"
agency,agency#742 | agency#52265 | agency#52313,,agency,742,"52265,52313",기관 / 대행 / 대리점 / 에이전시 / 소속사,"[{""mid"": 133881, ""text"": ""주체성""}, {""mid"": 133882, ""text"": ""힘""}]"
agglutination,agglutination#37867 | Agglutination#44564,,agglutination,37867,44564,교착 / 응집 / 접합,"[{""mid"": 116695, ""text"": ""상처의]유착""}]"
agitate,agitate#6833 | Agitate#32996,,agitate,6833,32996,흥분시키다 / 휘젓다 / 선동하다,"[{""mid"": 91857, ""text"": ""교반하다""}]"
alive,alive#2212 | Alive#48238,,alive,2212,48238,생생한 / 살아있는 / 계속하여 / 이 세상의 / 생기에 넘치는 / 살아 있는,"[{""mid"": 124294, ""text"": ""활기찬""}]"
allograft,allograft#51728 | allograft#51775,,allograft,51728,51775,이식조직,"[{""mid"": 132007, ""text"": ""이식 뼈""}]"
ally,ally#3812 | Ally#37536,,ally,3812,37536,동맹국 / 협력 / 우방 / 동지 / 협력자 / 동맹 / 연합,"[{""mid"": 101424, ""text"": ""앨리""}]"
although,although#3810 | Although#45596,,although,3810,45596,비록…이지만 / …임에도 불구하고 / ~에도 불구하고 / …이지만,"[{""mid"": 118783, ""text"": ""비록 ~일지라도""}]"
alveoloplasty,alveoloplasty#51647 | alveoloplasty#51779,,alveoloplasty,51647,51779,치조성형술,"[{""mid"": 132011, ""text"": ""뿌리 절제술""}]"
amanda,amanda#47935 | Amanda#50217,Y,Amanda,50217,47935,이름,"[{""mid"": 123666, ""text"": ""아만다""}, {""mid"": 123667, ""text"": ""어맨다""}]"
amazing,amazing#2066 | Amazing#36165,,amazing,2066,36165,흥미로운 / 놀라운 / 엄청난 / 대단한 / 멋진,"[{""mid"": 98569, ""text"": ""놀랄만한.  굉장한""}]"
ambiguous,ambiguous#11373 | ambiguous#52380,,ambiguous,11373,52380,애매모호한 말의 / 중의적인 / 불분명한 / 아리송한 / 모호한 / 애매한,"[{""mid"": 134071, ""text"": ""두 가지 해석이 가능한""}]"
ambition,ambition#1433 | Ambition#48243,,ambition,1433,48243,꿈 / 포부 / 욕심 / 야망 / 야심,"[{""mid"": 124301, ""text"": ""목표""}]"
american,american#338 | American#33984,Y,American,33984,338,미국 어 / 1. 미국의; 미국인의  2. 북(남) 아메리카의 / 미국의 / 미국인 / 미국의│미국인의│미국인,"[{""mid"": 969, ""text"": ""미국적인""}, {""mid"": 972, ""text"": ""아메리칸""}]"
anna,anna#27459 | Anna#50090,Y,Anna,50090,27459,이름,"[{""mid"": 80124, ""text"": ""안나""}, {""mid"": 80125, ""text"": ""인도""}, {""mid"": 80126, ""text"": ""파키스탄""}, {""mid"": 80127, ""text"": ""미얀마의 옛 화폐""}]"
annually,annually#15168 | annually#52184 | annually#52225 | annually#52273,,annually,15168,"52184,52225,52273",매년 / 한해에 / 연간,"[{""mid"": 133770, ""text"": ""해마다""}]"
apexification,apexification#51614 | apexification#51730,,apexification,51614,51730,근관증,"[{""mid"": 131969, ""text"": ""뿌리 말단 형성""}]"
apicoectomy,apicoectomy#51615 | apicoectomy#51742,,apicoectomy,51615,51742,아치와이어 조정,"[{""mid"": 131980, ""text"": ""뿌리 단순적출술""}]"
apollo,apollo#25779 | Apollo#34011,,apollo,25779,34011,아폴로 / 태양 / 빛·음악·시·예언·남성미의 신,"[{""mid"": 93937, ""text"": ""1. [그리스""}, {""mid"": 93939, ""text"": ""아폴론  2. 미모의 청년""}]"
apple,apple#3799 | Apple#36222 | apple#51960,,apple,3799,"36222,51960",사과나무 / 사과 / 애플,"[{""mid"": 133432, ""text"": ""과일의 일종""}]"
appreciably,appreciably#19388 | appreciably#52039,,appreciably,19388,52039,뚜렷하게 / 상당히 / 상당하게,"[{""mid"": 133565, ""text"": ""눈에 띄게""}]"
arabic,arabic#22036 | Arabic#36189,,arabic,22036,36189,아랍어,"[{""mid"": 98619, ""text"": ""아랍의""}]"
arbitrary,arbitrary#2333 | arbitrary#52381,,arbitrary,2333,52381,제멋대로의 / 독단적인 / 임의의,"[{""mid"": 134072, ""text"": ""임의적인""}]"
archly,archly#39383 | Archly#48572,,archly,39383,48572,능글맞게 / 익살맞게 / 짖궂게,"[{""mid"": 124836, ""text"": ""짖궃게 교활하게""}]"
arctic,arctic#16306 | Arctic#29932,,arctic,16306,29932,북극의 / 극지방,"[{""mid"": 94876, ""text"": ""극한의""}]"
arteriole,arteriole#44460 | Arteriole#44560,,arteriole,44460,44560,소동맥,"[{""mid"": 116691, ""text"": ""동맥의""}]"
as,as#1364 | As#45597,,as,1364,45597,…하면서 / …처럼 / …으로서,"[{""mid"": 118784, ""text"": ""\""~만큼\""""}, {""mid"": 118785, ""text"": ""\""~와 같을 정도로\""""}, {""mid"": 118786, ""text"": ""\""~이므로\""""}, {""mid"": 118787, ""text"": ""\""~때에\""""}, {""mid"": 118788, ""text"": ""\""~로써\""""}]"
asa,asa#35902 | Asa#50212,Y,Asa,50212,35902,이름,"[{""mid"": 98106, ""text"": ""필름 감도 기준""}, {""mid"": 98108, ""text"": ""미국 표준 협회""}]"
asian,asian#2059 | Asian#34002,Y,Asian,34002,2059,아시아의 / 아시아 사람 / 1. 아시아의  2. 아시아인  3. 동양인,"[{""mid"": 9646, ""text"": ""아시안""}]"
aspiring,aspiring#8859 | aspiring#52075,,aspiring,8859,52075,포부가 있는 / 상승하는 / 큰 뜻을 품은,"[{""mid"": 133620, ""text"": ""장차 ~가 되려는""}]"
ass,ass#9664 | ASS#45425,,ass,9664,45425,구하다 / 골칫거리 / 바보 / 엉덩이 / 걷어 차다,"[{""mid"": 118415, ""text"": ""자동고장부분 개폐기""}]"
assess,assess#1744 | assess#52023 | assess#52401,,assess,1744,"52023,52401",사정하다 / 산정 / 예측 / 평가 / 평가하다 / 분석하다 / 검토 / 부과하다 / 결정,"[{""mid"": 133539, ""text"": ""가늠하다""}]"
assuage,assuage#11029 | Assuage#33003,,assuage,11029,33003,완화시키다 / 달래다 / 누그러뜨리다 / 진정시키다,"[{""mid"": 91878, ""text"": ""채우다""}]"
atlantic,atlantic#10219 | Atlantic#33900,Y,Atlantic,33900,10219,대서양의 / 대서양; 대서양의 / 아틀라스 산맥의 / 대서양 / 1. 대서양(상)의  2. 대서양 연안의,"[{""mid"": 33796, ""text"": ""아틀란틱""}]"
attrite,Attrite#28024 | attrite#39745,,attrite,39745,28024,마멸된,"[{""mid"": 81273, ""text"": ""마모된""}]"
australian,australian#2455 | Australian#33996,,australian,2455,33996,오스트레일리아의 / 오스트레일리아 사람,"[{""mid"": 93915, ""text"": ""1. 호주의   2. 호주 사람""}, {""mid"": 97165, ""text"": ""호주의""}, {""mid"": 97166, ""text"": ""호주인""}, {""mid"": 99507, ""text"": ""호주 사람""}, {""mid"": 99508, ""text"": ""호주 언어""}, {""mid"": 109302, ""text"": ""호주 어""}]"
austrian,Austrian#33994 | austrian#34726,,austrian,34726,33994,오스트리아 학파의 경제학자 / 오스트리아 학파의 / 오스트리아의,"[{""mid"": 93913, ""text"": ""오스트리아인""}]"
authentic,authentic#6310 | authentic#52420,,authentic,6310,52420,진정한 / 진짜의 / 실제의 / 믿을 만한,"[{""mid"": 134147, ""text"": ""진본인""}]"
autograph,autograph#7819 | Autograph#48407,,autograph,7819,48407,서명(하다) / 사인 / 사인(하다) / 서명,"[{""mid"": 124633, ""text"": ""자서전""}]"
autonomy,autonomy#10260 | autonomy#52211 | autonomy#52253 | autonomy#52301,,autonomy,10260,"52211,52253,52301",자주성,"[{""mid"": 133805, ""text"": ""자율성""}]"
baltic,baltic#25836 | Baltic#33974,,baltic,25836,33974,혹한의 / 발트 어파 / 발트 해의,"[{""mid"": 93979, ""text"": ""발트 해(연안)의""}]"
banking,banking#26896 | Banking#27788,,banking,26896,27788,바탕 / 은행의 / 뱅킹 / 금융 / 은행업 / 금융업,"[{""mid"": 80833, ""text"": ""은행거래""}]"
become,become#137 | Become#48242,,become,137,48242,~이 되다 / 어울리다 / …이 되다 / …해지다,"[{""mid"": 124300, ""text"": ""목표""}]"
before,before#3777 | Before#45605,,before,3777,45605,~전에 / 앞에 / 전 / 적 / 이전에,"[{""mid"": 118806, ""text"": ""앞쪽에""}, {""mid"": 118807, ""text"": ""앞서서""}]"
beguile,beguile#20294 | Beguile#33017,,beguile,20294,33017,현혹시키다 / 달래다 / 속이다 / 기만하다 / 심심풀이하다,"[{""mid"": 91920, ""text"": ""속여서 빼앗다""}]"
benefit,benefit#957 | benefit#52324,,benefit,957,52324,급여 / 이익 / 혜택 / 도움이 되다,"[{""mid"": 133966, ""text"": ""이득이 되다""}]"
berlin,berlin#25861 | Berlin#33967,,berlin,25861,33967,베를린 / 독일의 수도,"[{""mid"": 93963, ""text"": ""통일 전에는 시가지가 동""}, {""mid"": 93964, ""text"": ""서독으로 양분되어 있었다.)""}]"
bias,bias#11518 | bias#52421,,bias,11518,52421,편견 / 치우침 / 편파적인 / 성향,"[{""mid"": 134149, ""text"": ""편향""}, {""mid"": 134150, ""text"": ""선입견""}]"
billing,billing#12947 | Billing#27784,,billing,12947,27784,광고에 소요된 경비 / 게시 / 순위,"[{""mid"": 80829, ""text"": ""청구""}]"
bobby,bobby#30501 | Bobby#50233,Y,Bobby,50233,30501,이름,"[{""mid"": 86203, ""text"": ""경찰관""}]"
bonded,bonded#18204 | Bonded#28030,,bonded,18204,28030,공채에 의해 보증된 / 공채가 붙은 / 특수 접착제로 접착시킨,"[{""mid"": 81283, ""text"": ""보세""}]"
boston,boston#28628 | Boston#49985,Y,Boston,49985,28628,미국 도시 이름,"[{""mid"": 82687, ""text"": ""보스턴""}, {""mid"": 82688, ""text"": ""보스턴 왈츠""}]"
boulevard,boulevard#10274 | Boulevard#48391,Y,Boulevard,48391,10274,(가로수가 늘어선 도시의) 도로,"[{""mid"": 33950, ""text"": ""대로""}, {""mid"": 33951, ""text"": ""넓은 가로수 길""}, {""mid"": 33952, ""text"": ""큰 길""}]"
boundless,boundless#12838 | boundless#52174,,boundless,12838,52174,드넓은 / 무한한 / 경계가 없는,"[{""mid"": 133757, ""text"": ""끝없는""}]"
brad,Brad#50075 | brad#50882,Y,Brad,50075,50882,이름,"[{""mid"": 130416, ""text"": ""영국 British Rate and Data의 줄임말""}]"
brady,brady#30567 | Brady#50062,Y,Brady,50062,30567,이름,"[{""mid"": 86361, ""text"": ""「더딘」 「둔한」 「짧은」 「천천히」의 뜻""}]"
brandish,brandish#6342 | Brandish#33000,,brandish,6342,33000,휘두르기 / …을 과시하다 / 휘두르다,"[{""mid"": 91869, ""text"": ""바싹 당기다""}]"
brazilian,brazilian#10603 | Brazilian#41035,,brazilian,10603,41035,브라질인 / 브라질의,"[{""mid"": 109311, ""text"": ""브라질 어""}]"
breathtaking,breathtaking#12017 | breathtaking#52175,,breathtaking,12017,52175,숨이 멎을만큼 놀라운 / 깜짝 놀랄 만한 / 아슬아슬한,"[{""mid"": 133758, ""text"": ""숨이 막히는""}]"
british,british#286 | British#34986,,british,286,34986,영국의 / 영연방의,"[{""mid"": 96244, ""text"": ""영국사람""}, {""mid"": 99491, ""text"": ""영국인의""}, {""mid"": 100322, ""text"": ""영국인""}, {""mid"": 109216, ""text"": ""영국 어""}]"
brown,brown#2007 | Brown#50207,Y,Brown,50207,2007,이름,"[{""mid"": 8295, ""text"": ""브라운""}, {""mid"": 8296, ""text"": ""갈색""}]"
brutal,brutal#7404 | Brutal#29851,,brutal,7404,29851,야만적인 / 잔인한 / 무자비한 / 폭력적인,"[{""mid"": 85257, ""text"": ""잔혹한""}]"
buddhist,buddhist#2724 | Buddhist#37332,,buddhist,2724,37332,부처의 / 불교도 / 불교의,"[{""mid"": 101087, ""text"": ""불교신자""}]"
burden,burden#674 | Burden#47599,,burden,674,47599,책임 / 가중되다 / 짐 / 부담 / 부담감,"[{""mid"": 122909, ""text"": ""귀찮은일""}, {""mid"": 122911, ""text"": ""귀찮은""}, {""mid"": 122912, ""text"": ""요지""}]"
cadence,cadence#16439 | cadence#52147,,cadence,16439,52147,운율 / 억양 / 리듬,"[{""mid"": 133720, ""text"": ""박자""}]"
cajole,cajole#17271 | Cajole#32999,,cajole,17271,32999,아첨하다 / 감언으로 꾀다 / 감언이설로 속이다,"[{""mid"": 91865, ""text"": ""부추겨서 하게 하다""}, {""mid"": 91866, ""text"": ""그만두게 하다""}]"
calcification,calcification#51645 | calcification#51697,,calcification,51645,51697,석회화,"[{""mid"": 83062, ""text"": ""낭종""}]"
caleb,caleb#32008 | Caleb#50219,Y,Caleb,50219,32008,이름,"[{""mid"": 89659, ""text"": ""갈렙""}]"
canadian,canadian#1314 | Canadian#36192,,canadian,1314,36192,캐나다의 / 캐나다 사람,"[{""mid"": 101005, ""text"": ""캐나다인""}]"
capillary,capillary#17530 | Capillary#44558,,capillary,17530,44558,모세관 / 모세관의 / 모세관 현상의,"[{""mid"": 116689, ""text"": ""모세혈관""}]"
capitol,capitol#7532 | Capitol#35142,,capitol,7532,35142,미국 국회 의사당 / 수도,"[{""mid"": 96444, ""text"": ""연방 의회 의사당""}]"
cariogenic,cariogenic#51640 | cariogenic#51772,,cariogenic,51640,51772,유치,"[{""mid"": 132004, ""text"": ""치근성""}]"
carnival,carnival#9310 | Carnival#9491,,carnival,9310,9491,전시회 / 난장판 / 축제 / 카니발,"[{""mid"": 31621, ""text"": ""사육제""}]"
caroline,caroline#28399 | Caroline#49959,Y,Caroline,49959,28399,이름,"[{""mid"": 82133, ""text"": ""영국 왕 찰스 1""}, {""mid"": 82134, ""text"": ""2세의""}]"
carter,carter#41407 | Carter#49962,Y,Carter,49962,41407,이름,"[{""mid"": 110076, ""text"": ""카터""}]"
catholic,catholic#2363 | Catholic#36482,,catholic,2363,36482,천주교의 / 가톨릭교도 / 가톨릭 교회의,"[{""mid"": 99222, ""text"": ""가톨릭교의""}]"
centerpiece,centerpiece#13802 | centerpiece#52241 | centerpiece#52289,,centerpiece,13802,"52241,52289",중심부 장식 / 핵심 / 중심물 / 중심적 존재,"[{""mid"": 133845, ""text"": ""중심 요소""}]"
chat,chat#478 | Chat#36163,,chat,478,36163,채팅하다 / 메시지 / 채팅 / 이야기하다 / 대화하다 / 수다떨다,"[{""mid"": 98567, ""text"": ""잡담하다. 잡담""}]"
chinese,chinese#2226 | Chinese#35337,,chinese,2226,35337,중국의 / 중국어 / 중국인 / 중국 사람,"[{""mid"": 101023, ""text"": ""중국식""}]"
chloe,chloe#14534 | Chloe#50045,Y,Chloe,50045,14534,이름,"[{""mid"": 45963, ""text"": ""클로에""}, {""mid"": 45964, ""text"": ""전원시에 나오는 양치는 소녀""}]"
circumvent,circumvent#11638 | Circumvent#33016,,circumvent,11638,33016,"포위하다 / 사기 치다 / 일주하다 / …을 포위하다 / 우회하다 / (불법적으로, 교묘하게) 피하다","[{""mid"": 91916, ""text"": ""교묘히 회피하다""}]"
civic,civic#20876 | Civic#30130,Y,Civic,30130,20876,① 시민의 ② 민간 ③ 도시의 ④ 시빅,"[{""mid"": 139139, ""text"": ""시민적""}]"
clarify,clarify#866 | clarify#52458,,clarify,866,52458,명확하게 하다 / 분명히 하다 / 명백히하다 / 밝히다 / 정화하다 / 확인하다 / 명확하게 / 분명해지다 / 명확히 하다,"[{""mid"": 134219, ""text"": ""분명히 말하다""}]"
close-knit,close-knit#36331 | close-knit#52021,,close-knit,36331,52021,긴밀하게 맺어진 / 유대가 긴밀한 / 긴밀히 맺어진 / 긴밀한 / 굳게 맺어진 / 긴밀한/굳게 맺어진,"[{""mid"": 133536, ""text"": ""밀접하게 맺어진""}]"
clot,clot#14159 | Clot#44555,,clot,14159,44555,응고시키다 / 미끈거리는 덩어리 / 응고하다,"[{""mid"": 116686, ""text"": ""피가]엉긴 덩어리""}]"
cloudy,cloudy#4593 | Cloudy#36234,,cloudy,4593,36234,구름의 / 구름이 낀 / 흐린 / 구름이 많은,"[{""mid"": 98673, ""text"": ""구름낀""}]"
cognitive,cognitive#2281 | cognitive#52346 | cognitive#52422,,cognitive,2281,"52346,52422",인식의 / 인지의 / 인식력 있는,"[{""mid"": 134007, ""text"": ""인지적인""}]"
coherent,coherent#2328 | coherent#52382,,coherent,2328,52382,일관적인,"[{""mid"": 134074, ""text"": ""일관성 있는""}, {""mid"": 134075, ""text"": ""논리 정연한""}]"
collaborate,collaborate#7360 | collaborate#52402,,collaborate,7360,52402,공동 작업하다 / 협동하다 / 협력하다 / 공동으로 하다,"[{""mid"": 134114, ""text"": ""공동으로 작업하다""}]"
collectively,collectively#10900 | Collectively#40183,,collectively,10900,40183,전체적으로 / 일괄하여 / 단결하여,"[{""mid"": 107471, ""text"": ""집합적으로""}]"
communist,communist#2215 | Communist#16736,,communist,2215,16736,공산주의의 / 공산당원,"[{""mid"": 51941, ""text"": ""공산주의자""}]"
compensate,compensate#1591 | compensate#52325 | compensate#52365,,compensate,1591,"52325,52365",보완하다 / 보상하다,"[{""mid"": 133968, ""text"": ""보충하다""}, {""mid"": 134041, ""text"": ""배상하다""}]"
complement,complement#1142 | complement#52133 | complement#52383,,complement,1142,"52133,52383",보완하다 / 전량,"[{""mid"": 134077, ""text"": ""보충물""}]"
composite,composite#6424 | Composite#30378,,composite,6424,30378,합성어 / 복합의,"[{""mid"": 86010, ""text"": ""① 합성의 ② 합성물 ③ 복합 재료""}]"
conclude,conclude#1766 | Conclude#29813,,conclude,1766,29813,체결하다 / 결론짓다 / 종결하다 / 맺다,"[{""mid"": 85219, ""text"": ""결론을내리다""}]"
condemn,condemn#1887 | condemn#52404,,condemn,1887,52404,규탄하다 / 유죄 판결을 내리다 / 비난하다 / 미워하다,"[{""mid"": 134117, ""text"": ""선고를 내리다""}]"
confinement,confinement#7314 | Confinement#29821,,confinement,7314,29821,속박 / 감금 / 유폐,"[{""mid"": 85227, ""text"": ""갇힘""}]"
confirm,confirm#228 | confirm#52405 | confirm#52442,,confirm,228,"52405,52442",확신하다 / 확인하다 / 확정하다 / 확실히 하다,"[{""mid"": 134188, ""text"": ""확증하다""}]"
conform,conform#506 | conform#52033,,conform,506,52033,따르다 / 일치하다,"[{""mid"": 133556, ""text"": ""순응하다""}]"
congratulation,congratulation#1395 | Congratulation#37645,,congratulation,1395,37645,축하의 말 / 축하하다,"[{""mid"": 101651, ""text"": ""축하해""}]"
congress,congress#1078 | Congress#30106,,congress,1078,30106,의회 / 회의,"[{""mid"": 101035, ""text"": ""국회""}]"
conscientiously,conscientiously#18504 | Conscientiously#29847,,conscientiously,18504,29847,성실히 / 양심적으로 / 소심하게,"[{""mid"": 85253, ""text"": ""성실하게""}]"
consign,consign#15182 | Consign#33012,,consign,15182,33012,탁송하다 / 맡기다 / 위탁하다,"[{""mid"": 91904, ""text"": ""동의하다""}, {""mid"": 91905, ""text"": ""…을 넘기다""}]"
constitute,constitute#1654 | constitute#52019 | constitute#52367,,constitute,1654,"52019,52367",나타내다 / 간주하다 / …에 해당하다 / 구성하다 / 제정하다,"[{""mid"": 133533, ""text"": ""~이 되다""}]"
context,context#6949 | context#52150 | context#52162,,context,6949,"52150,52162",문맥 / 주변 환경에 따른 조건 / 상황,"[{""mid"": 133723, ""text"": ""맥락""}]"
continental,continental#2106 | Continental#30107,Y,Continental,30107,2106,① 대륙의 ② (미국 독립전쟁 당시의) 식민지의 ③ 유럽 대륙의,"[{""mid"": 9827, ""text"": ""유럽의""}, {""mid"": 9828, ""text"": ""컨티넨탈""}]"
coordination,coordination#15346 | coordination#52025 | coordination#52048,,coordination,15346,"52025,52048",공동작용 / 동격 / 협동,"[{""mid"": 133542, ""text"": ""조정""}, {""mid"": 133543, ""text"": ""합동""}, {""mid"": 133544, ""text"": ""조화""}, {""mid"": 133583, ""text"": ""조절""}]"
correspond,correspond#1901 | correspond#52460,,correspond,1901,52460,해당하다 / 교신하다 / 일치하다,"[{""mid"": 134223, ""text"": ""서신을 주고받다""}]"
cost,cost#205 | Cost#29825,,cost,205,29825,비용 / 얼마이다 / 들다 / 경비 / 가격,"[{""mid"": 85231, ""text"": ""잃게하다""}]"
counter-productive,Counter-productive#9395 | counter-productive#48875,,counter-productive,48875,9395,역효과를 낳는,"[{""mid"": 31265, ""text"": ""역효과가 나타나는""}]"
critique,critique#17941 | critique#52201 | critique#52244 | critique#52292,,critique,17941,"52201,52244,52292",비평법 / 평론 / 비평,"[{""mid"": 133790, ""text"": ""비판""}]"
crown,crown#4681 | Crown#30361,,crown,4681,30361,크라운 (기공물) / 수관,"[{""mid"": 85989, ""text"": ""① 왕관 ② 크라운 ③ 관 ④ 국왕""}]"
crude,crude#2594 | Crude#36257,,crude,2594,36257,조잡한 / 천연 그대로의 / 거친,"[{""mid"": 98769, ""text"": ""품위없는""}]"
customer,customer#3246 | Customer#45797,,customer,3246,45797,손님 / 고객 / 단골 / 소비자,"[{""mid"": 119150, ""text"": ""거래처""}]"
cv,cv#36334 | CV#45438,,cv,36334,45438,이력서 / 항공모함의 함종별 기호,"[{""mid"": 118431, ""text"": ""케이블의 종류""}]"
dan,dan#42077 | Dan#50165,Y,Dan,50165,42077,이름,"[{""mid"": 111531, ""text"": ""단""}]"
daniel,daniel#16217 | Daniel#50117,Y,Daniel,50117,16217,이름,"[{""mid"": 50623, ""text"": ""다니엘""}, {""mid"": 50624, ""text"": ""다니엘서""}, {""mid"": 50625, ""text"": ""명재판관""}]"
danny,danny#45021 | Danny#50021,Y,Danny,50021,45021,이름,"[{""mid"": 117597, ""text"": ""대니""}]"
daphne,daphne#47320 | Daphne#50094,Y,Daphne,50094,47320,이름,"[{""mid"": 122336, ""text"": ""다프네""}, {""mid"": 122337, ""text"": ""서향""}, {""mid"": 122338, ""text"": ""서향속의 총칭""}]"
daunt,daunt#8972 | Daunt#48570,,daunt,8972,48570,겁 / 위축 / 기가 죽다 / 억제,"[{""mid"": 124833, ""text"": ""-를 위압하다 으르다""}]"
dean,dean#12894 | Dean#50245,Y,Dean,50245,12894,이름,"[{""mid"": 41598, ""text"": ""딘""}, {""mid"": 41599, ""text"": ""학장""}, {""mid"": 41600, ""text"": ""원장""}, {""mid"": 41601, ""text"": ""처장""}]"
december,december#8030 | December#16716,,december,8030,16716,12월 / 4분기 / 섣달,"[{""mid"": 119336, ""text"": ""석달""}]"
declaration,declaration#842 | Declaration#28031,,declaration,842,28031,선언 / 주장 / 발표 / 포고 / 성명 / 신고,"[{""mid"": 81285, ""text"": ""고백""}]"
definitely,definitely#4853 | definitely#52177,,definitely,4853,52177,반드시 / 완전히 / 확실하게 / 물론 / 분명히,"[{""mid"": 133761, ""text"": ""절대로""}]"
delegate,delegate#7357 | Delegate#33010,,delegate,7357,33010,대의원 / 대표 / 위임하다 / 사절,"[{""mid"": 91898, ""text"": ""대리자""}]"
dentinogenesis,dentinogenesis#51643 | dentinogenesis#51752,,dentinogenesis,51643,51752,치아형성,"[{""mid"": 131988, ""text"": ""치아 석회화 생성""}]"
depreciation,depreciation#9859 | Depreciation#45585,,depreciation,9859,45585,저감 / 절하 / 감가상각 / 약세 / 자산 가치 감소 / 가치 하락,"[{""mid"": 118682, ""text"": ""저하""}, {""mid"": 118683, ""text"": ""화폐의 구매력 저하""}, {""mid"": 118684, ""text"": ""경시""}]"
derive,derive#1782 | derive#52349 | derive#52406 | derive#52447,,derive,1782,"52349,52406,52447",나오다 / 얻다 / 기인하다,"[{""mid"": 134012, ""text"": ""끌어내다""}, {""mid"": 134013, ""text"": ""유래하다""}]"
determinate,determinate#21570 | determinate#52163,,determinate,21570,52163,확정적인 / 기지수의 / 한정된,"[{""mid"": 133743, ""text"": ""확실한""}]"
determined,determined#2538 | Determined#37469,,determined,2538,37469,의지 / 생각 / 결심한 / 결의 / 결정된,"[{""mid"": 101295, ""text"": ""단호한""}]"
diana,diana#25969 | Diana#50161,Y,Diana,50161,25969,이름,"[{""mid"": 76350, ""text"": ""다이애나""}, {""mid"": 76351, ""text"": ""다이아나""}, {""mid"": 76352, ""text"": ""디아나""}]"
diastole,diastole#24042 | Diastole#44553,,diastole,24042,44553,음절 연장 / 심이완 / 심확장,"[{""mid"": 116683, ""text"": ""심장]이완기""}, {""mid"": 116684, ""text"": ""확장기""}]"
diminish,diminish#444 | diminish#52384 | diminish#52423 | diminish#52464,,diminish,444,"52384,52423,52464",완화되다 / 낮아지다 / 줄어들다 / 사라지다 / 감소하다,"[{""mid"": 134079, ""text"": ""감소시키다""}, {""mid"": 134154, ""text"": ""줄이다""}, {""mid"": 134231, ""text"": ""약화시키다""}]"
diminishing,diminishing#27967 | diminishing#52010,,diminishing,27967,52010,점감하는,"[{""mid"": 133519, ""text"": ""줄어드는""}, {""mid"": 133520, ""text"": ""감소하는""}]"
director,director#1290 | Director#40180,,director,1290,40180,감독 / 관리자,"[{""mid"": 107467, ""text"": ""이사""}]"
disclosure,disclosure#8332 | disclosure#52206 | disclosure#52249 | disclosure#52297,,disclosure,8332,"52206,52249,52297",발표 / 공시 / 폭로 / 발각 / 공개,"[{""mid"": 133798, ""text"": ""드러냄""}]"
disconcert,disconcert#20545 | Disconcert#32994,,disconcert,20545,32994,…을 당황하게 하다 / 혼란시키다 / 교란시키다,"[{""mid"": 91851, ""text"": ""침착성을 잃게 하다""}]"
discourse,discourse#15136 | discourse#52036,,discourse,15136,52036,말하다 / 논설 / 담화 / 토론 / 담론,"[{""mid"": 133561, ""text"": ""강연""}]"
dismember,dismember#16526 | Dismember#33007,,dismember,16526,33007,업무를 축소하다 / 해체하다 / 분할하다,"[{""mid"": 91890, ""text"": ""…의 팔다리를 잘라버리다""}]"
displacement,displacement#12615 | displacement#52044,,displacement,12615,52044,배기량 / 변위 / 부재 / 이동,"[{""mid"": 133576, ""text"": ""치환""}]"
distinctive,distinctive#2495 | distinctive#52368,,distinctive,2495,52368,특유의 / 독특한 / 뛰어난,"[{""mid"": 134047, ""text"": ""구별되는""}]"
distribute,distribute#1702 | distribute#52350 | distribute#52448,,distribute,1702,"52350,52448",분포시키다,"[{""mid"": 134014, ""text"": ""분배하다""}, {""mid"": 134015, ""text"": ""유통하다""}, {""mid"": 134199, ""text"": ""배포하다""}]"
dominate,dominate#1146 | dominate#52465,,dominate,1146,52465,점령하다 / 주도하다 / …을 지배하다 / 장악하다 / 압도하다,"[{""mid"": 134233, ""text"": ""우위를 차지하다""}]"
don,don#5498 | Don#50129,Y,Don,50129,5498,이름,"[{""mid"": 19876, ""text"": ""명사""}, {""mid"": 19877, ""text"": ""거물""}, {""mid"": 19878, ""text"": ""입다""}]"
downpour,downpour#20438 | downpour#51971 | downpour#52060,,downpour,20438,"51971,52060",호우 / 폭우 / 억수,"[{""mid"": 133460, ""text"": ""비가 퍼부음""}]"
draining,Draining#9396 | draining#28159,,draining,28159,9396,배수,"[{""mid"": 31266, ""text"": ""지겨운""}, {""mid"": 31267, ""text"": ""지루한""}]"
drawback,drawback#10594 | Drawback#28028,,drawback,10594,28028,결함 / 단점 / 결점,"[{""mid"": 81281, ""text"": ""문제점""}]"
drowsiness,drowsiness#10653 | Drowsiness#29796,,drowsiness,10653,29796,기면 상태 / 졸음,"[{""mid"": 85202, ""text"": ""졸림""}]"
dutch,dutch#2475 | Dutch#30020,,dutch,2475,30020,네덜란드인 / 네덜란드의 / 네덜란드어 / 독일의,"[{""mid"": 108980, ""text"": ""네덜람드 사람""}]"
eastern,eastern#1959 | Eastern#36591,,eastern,1959,36591,동부의 / 동양의 / 동구의 / 동쪽의,"[{""mid"": 99495, ""text"": ""동쪽에 위치한""}]"
eccentricity,eccentricity#21506 | Eccentricity#28009,,eccentricity,21506,28009,기행 / 비정상 / 별남,"[{""mid"": 81257, ""text"": ""편심""}]"
economic,economic#305 | Economic#15620,,economic,305,15620,경제의 / 경기의,"[{""mid"": 48807, ""text"": ""경제학의""}]"
edward,edward#28442 | Edward#50229,Y,Edward,50229,28442,이름,"[{""mid"": 82228, ""text"": ""에드워드""}]"
electronic,electronic#2269 | Electronic#37430,,electronic,2269,37430,전자의 / 일렉트로닉 / 전자 장치 / 전자기기 / 전자 부품,"[{""mid"": 101254, ""text"": ""전기제품""}, {""mid"": 101255, ""text"": ""전기기기등""}]"
electronics,electronics#16522 | Electronics#27767,,electronics,16522,27767,전자 기술 / 전자 기기,"[{""mid"": 80812, ""text"": ""전자제품""}]"
emerge,emerge#244 | emerge#52467,,emerge,244,52467,새로운 / 명백해지다 / (어려움에서) 벗어나다 / 떠오르다 / 나타나다,"[{""mid"": 134237, ""text"": ""드러나다""}]"
enameloplasty,enameloplasty#51690 | enameloplasty#51696,,enameloplasty,51690,51696,에나멜 형성,"[{""mid"": 131936, ""text"": ""에나멜 성형술""}]"
encapsulation,encapsulation#31170 | Encapsulation#45291,,encapsulation,31170,45291,요약 / 응축,"[{""mid"": 118192, ""text"": ""캡슐화""}]"
endangered,endangered#8000 | Endangered#37416,,endangered,8000,37416,위험한 / 멸종 위기의,"[{""mid"": 101240, ""text"": ""위험에 빠진""}]"
endosseous,endosseous#51651 | endosseous#51732,,endosseous,51651,51732,내골,"[{""mid"": 131971, ""text"": ""엔돌세어스""}]"
enduring,enduring#15828 | enduring#52138,,enduring,15828,52138,인내 / 변함없는 / 영속적인 / 참을성있는 / 지속하는,"[{""mid"": 133708, ""text"": ""지속적인""}]"
english,english#341 | English#34123,,english,341,34123,영국인 / 영어 / 영국의 / 영문학 / 잉글랜드인,"[{""mid"": 109304, ""text"": ""잉글랜드어""}]"
englishness,Englishness#39089 | englishness#47234,,englishness,47234,39089,영국적 특징 / 영국다움,"[{""mid"": 104895, ""text"": ""영국(사람)다움""}, {""mid"": 104896, ""text"": ""영국(사람)식""}]"
enhance,enhance#895 | enhance#52070 | enhance#52134,,enhance,895,"52070,52134",증진 / 향상하다 / 개성하다 / 높이다 / 제고하다 / 개선시키다 / 강화하다,"[{""mid"": 133613, ""text"": ""향상시키다""}]"
enlightened,enlightened#10497 | enlightened#52202 | enlightened#52245 | enlightened#52293,,enlightened,10497,"52202,52245,52293",잘 알고 있는 / 계발된 / 정통한,"[{""mid"": 133792, ""text"": ""계몽된""}]"
ensure,ensure#410 | ensure#52331,,ensure,410,52331,보장하다 / 확보하다 / 확실하게 하다 / …하기 위해,"[{""mid"": 133979, ""text"": ""확실히 하다""}]"
eric,eric#28872 | Eric#50054,Y,Eric,50054,28872,이름,"[{""mid"": 83226, ""text"": ""에릭""}, {""mid"": 83227, ""text"": ""살인범 및 그 친척이 희생자의 가족에게 지불한 벌금""}]"
ethnic,ethnic#2468 | Ethnic#36118,Y,Ethnic,36118,2468,민족의,"[{""mid"": 10290, ""text"": ""혈통의""}, {""mid"": 10291, ""text"": ""종족""}, {""mid"": 10292, ""text"": ""인종의""}]"
europe,europe#5336 | Europe#34118,Y,Europe,34118,5336,유럽 / 구주(歐洲),"[{""mid"": 19293, ""text"": ""구라파""}]"
evaluate,evaluate#1881 | evaluate#52351 | evaluate#52449,,evaluate,1881,"52351,52449",평가하다 / 측정하다 / 시험하다 / 검토하다 / 고려하다,"[{""mid"": 134202, ""text"": ""감정하다""}]"
exactly,exactly#1366 | Exactly#4863,,exactly,1366,4863,확실히 / 바로 / 정확히 / 그렇소 / 딱,"[{""mid"": 18418, ""text"": ""맞아 그거야""}]"
excel,excel#12582 | Excel#29835,,excel,12582,29835,탁월하다,"[{""mid"": 85241, ""text"": ""뛰어나다""}]"
excitedly,excitedly#30628 | Excitedly#37477,,excitedly,30628,37477,흥분하여 / 기를 쓰고 / 격하여,"[{""mid"": 101303, ""text"": ""흥분하게""}]"
exhausting,exhausting#7451 | exhausting#52012,,exhausting,7451,52012,소모적인 / 심신을 지치게 하는 / 피로하게 하는,"[{""mid"": 133522, ""text"": ""진을 빼는""}, {""mid"": 133523, ""text"": ""기진맥진하게 하는""}]"
exodontia,exodontia#51712 | exodontia#51763,,exodontia,51712,51763,치수술,"[{""mid"": 131998, ""text"": ""잘못된 교합""}]"
exploit,exploit#1875 | Exploit#29797 | exploit#52386 | exploit#52469,,exploit,1875,"29797,52386,52469",묘기 / 착취하다 / 이용하다 / 활용하다 / 업적,"[{""mid"": 134241, ""text"": ""개발하다""}]"
explore,explore#602 | Explore#48226,Y,Explore,48226,602,탐험하다 / 답사하다,"[{""mid"": 1720, ""text"": ""탐구하다""}, {""mid"": 1722, ""text"": ""연구하다""}, {""mid"": 1723, ""text"": ""개척하다""}, {""mid"": 104341, ""text"": ""파헤치다""}, {""mid"": 130499, ""text"": ""강구하다""}, {""mid"": 130500, ""text"": ""둘러보다""}, {""mid"": 137079, ""text"": ""탐색하다""}, {""mid"": 137240, ""text"": ""발견하다""}, {""mid"": 137610, ""text"": ""조사하다""}]"
false,false#2250 | FALSE#47620,,false,2250,47620,가짜의 / 부정의 / 틀린 / 거짓의 / 허위인 / 잘못하여,"[{""mid"": 122961, ""text"": ""사실이 아닌""}]"
fixture,fixture#10180 | Fixture#28007,,fixture,10180,28007,고정적인 요소 / 고정물 / 설비,"[{""mid"": 81255, ""text"": ""고정용 보조기구""}]"
flexibility,flexibility#15925 | flexibility#52017 | flexibility#52208 | flexibility#52250 | flexibility#52298,,flexibility,15925,"52017,52208,52250,52298",구부리기 쉬움 / 신축성 / 융통성 / 탄력성,"[{""mid"": 133529, ""text"": ""유연성""}]"
flexible,flexible#2461 | flexible#52136 | flexible#52450,,flexible,2461,"52136,52450",유연한 / 신축성 있는 / 적응성 있는 / 탄력적인 / 융통성 있는,"[{""mid"": 134204, ""text"": ""구부러지기 쉬운""}]"
flippers,flippers#35352 | Flippers#37424,,flippers,35352,37424,오리발,"[{""mid"": 101248, ""text"": ""지느러미발""}]"
fluctuate,fluctuate#7364 | fluctuate#52387,,fluctuate,7364,52387,요동하다 / 동요하다 / 변동하다 / 등락하다 / 변하다 / 움직이다,"[{""mid"": 134085, ""text"": ""오르내리다""}]"
fluctuation,fluctuation#6781 | Fluctuation#29806 | fluctuation#52371,,fluctuation,6781,"29806,52371",변동 / 동요 / 파동,"[{""mid"": 134053, ""text"": ""오르내림""}]"
fluorapatite,fluorapatite#51649 | fluorapatite#51680,,fluorapatite,51649,51680,불소아파타이트,"[{""mid"": 131920, ""text"": ""플루오로압타이트""}]"
foreground,foreground#21401 | foreground#52126,,foreground,21401,52126,전경 / …을 중시하다 / 가장 눈에 띄는 위치,"[{""mid"": 133692, ""text"": ""강조하다""}, {""mid"": 133693, ""text"": ""전면에 내세우다""}]"
fortunately,fortunately#7017 | Fortunately#30272,,fortunately,7017,30272,다행히 / 운좋게,"[{""mid"": 122880, ""text"": ""다행스럽게도""}]"
foster,foster#8192 | foster#52001,,foster,8192,52001,양육하다 / 입양 / 임시로 돌보다 / 증진하다 / 만들다 / 포스터 / 육성하다 / 위탁하다,"[{""mid"": 133505, ""text"": ""함양하다""}]"
framework,framework#14237 | Framework#29942 | framework#52425,,framework,14237,"29942,52425",틀 / 체제 / 근거 / 구조,"[{""mid"": 134159, ""text"": ""체계""}]"
frenectomy,frenectomy#51729 | frenectomy#51770,,frenectomy,51729,51770,결합막 절제술,"[{""mid"": 132002, ""text"": ""유창통 제거술""}]"
frustrate,frustrate#6925 | Frustrate#36169 | frustrate#52470,,frustrate,6925,"36169,52470",화나게 하다 / 실망시키다 / 안타까운 / 좌절시키다 / 짜증나는,"[{""mid"": 134243, ""text"": ""방해하다""}]"
frustrated,frustrated#5020 | Frustrated#29800,,frustrated,5020,29800,낙담한 / 욕구 불만의 / 좌절한 / 좌절된 / 짜증난,"[{""mid"": 85206, ""text"": ""불만스러운""}]"
fundamental,fundamental#2008 | fundamental#52333 | fundamental#52372,,fundamental,2008,"52333,52372",펀더멘틀 / 궁극적인 / 중요한 / 기본적인 / 근본적인,"[{""mid"": 133983, ""text"": ""필수적인""}, {""mid"": 134055, ""text"": ""핵심적인""}]"
funny,funny#2002 | Funny#35669,,funny,2002,35669,유쾌한 / 이상한 / 농담조의 / 재미있는 / 웃기는,"[{""mid"": 97589, ""text"": ""즐거운""}]"
further,further#943 | Further#40184,,further,943,40184,게다가 / 더 / 더 멀리 / 그 이상의 / 더 나아가,"[{""mid"": 107473, ""text"": ""뿐만 아니라""}]"
futuristic,futuristic#13191 | futuristic#52144,,futuristic,13191,52144,초현대적인 / 미래의 / 미래파의,"[{""mid"": 133716, ""text"": ""미래지향적인""}]"
gingivectomy,gingivectomy#51625 | gingivectomy#51628,,gingivectomy,51625,51628,잇몸 부분 절제,"[{""mid"": 131876, ""text"": ""잇몸절제술""}]"
gingivoplasty,gingivoplasty#51706 | gingivoplasty#51754,,gingivoplasty,51706,51754,치조유화술,"[{""mid"": 131989, ""text"": ""잇몸성형술""}]"
given,given#2366 | Given#30609,,given,2366,30609,얻은 / 실시된 / 받은 / 감안하면 / 주어진,"[{""mid"": 86456, ""text"": ""~을 고려해 볼 때""}]"
granted,granted#12943 | Granted#33483,,granted,12943,33483,허가 / 받은 / 당연히 / 승인 / 부여된,"[{""mid"": 92939, ""text"": ""~말한대로이긴 하지만""}, {""mid"": 92982, ""text"": ""인정하기는 하지만""}]"
grateful,grateful#1229 | Grateful#37468 | grateful#51969,,grateful,1229,"37468,51969",고마운 / 감사하는,"[{""mid"": 133456, ""text"": ""고마워하는""}]"
guarantee,guarantee#739 | guarantee#52451,,guarantee,739,52451,보호 / 보장하다 / 약속 / 보증 / 장담하다,"[{""mid"": 134206, ""text"": ""담보""}]"
hail,hail#6091 | Hail#29852,,hail,6091,29852,우박이 내리다 / 우박 / 환영하다 / 출신 / 찬양 / 부르다 / 인정받다,"[{""mid"": 85258, ""text"": ""일컫다""}]"
halloween,halloween#12309 | Halloween#34739,,halloween,12309,34739,핼러윈 / 할로윈,"[{""mid"": 95706, ""text"": ""핼 로 윈""}, {""mid"": 100536, ""text"": ""할로인""}]"
hank,hank#39151 | Hank#50201,Y,Hank,50201,39151,이름,"[{""mid"": 105130, ""text"": ""타래""}, {""mid"": 105131, ""text"": ""한 타래분의 길이""}]"
happy,happy#5 | Happy#47937,Y,Happy,47937,5,기분이 좋다,"[{""mid"": 646, ""text"": ""행복한""}, {""mid"": 647, ""text"": ""기쁜""}, {""mid"": 648, ""text"": ""만족한""}, {""mid"": 649, ""text"": ""즐거운""}, {""mid"": 650, ""text"": ""축하하다""}]"
hardly,hardly#4835 | Hardly#36255,,hardly,4835,36255,…하기 어렵다 / 가혹하게 / 거의 …아니다 / 거의 ~않다 / 거의 …할 것 같지 않다,"[{""mid"": 124266, ""text"": ""거의 아니다""}]"
helena,helena#28630 | Helena#50252,Y,Helena,50252,28630,이름,"[{""mid"": 82693, ""text"": ""헬레나""}]"
hemisection,hemisection#51723 | hemisection#51741,,hemisection,51723,51741,치과 절단기법,"[{""mid"": 131979, ""text"": ""반편절제술""}]"
henry,henry#10356 | Henry#50085,Y,Henry,50085,10356,이름,"[{""mid"": 34357, ""text"": ""헨리""}]"
herald,herald#13261 | Herald#30280,,herald,13261,30280,전령 / 예고 / 신문 / 헤럴드 / 알리다,"[{""mid"": 85898, ""text"": ""① 왕의 사자 ② …을 보도하다 ③ 의전관""}]"
hierarchy,hierarchy#6776 | hierarchy#52388,,hierarchy,6776,52388,계층제 / 서열 / 계층 / 계급제 / 계급 제도 / 통치권,"[{""mid"": 134087, ""text"": ""위계""}]"
highlight,highlight#11258 | highlight#52408,,highlight,11258,52408,부각 / 강조 / 두드러지게 하다 / 주목 / 절정 / 하이라이트 / 강조하다,"[{""mid"": 134125, ""text"": ""주요 부분""}]"
hindu,hindu#33692 | Hindu#36600,,hindu,33692,36600,힌두인 / 힌두의 / 힌두교의,"[{""mid"": 108962, ""text"": ""힌두교 신자""}]"
hispanic,hispanic#13173 | Hispanic#33859,Y,Hispanic,33859,13173,(특히 미국이나 케나다에 사는) 라틴아메리카 계의 사람들,"[{""mid"": 42345, ""text"": ""히스패닉계의""}, {""mid"": 42346, ""text"": ""라틴 아메리카계 사람""}, {""mid"": 42347, ""text"": ""라틴 아메리카의""}]"
hit,hit#191 | Hit#37344,,hit,191,37344,치다 / 타격 / 부딪히다 / 히트를 치다 / 달하다,"[{""mid"": 101114, ""text"": ""때리다""}]"
hollywood,hollywood#4809 | Hollywood#30021,,hollywood,4809,30021,미국 영화 / 할리우드,"[{""mid"": 127711, ""text"": ""헐리우드""}]"
homer,homer#29279 | Homer#49997,Y,Homer,49997,29279,이름,"[{""mid"": 84193, ""text"": ""홈런을 치다""}, {""mid"": 84194, ""text"": ""전서구""}, {""mid"": 84195, ""text"": ""고대 그리스의 시인""}]"
homogeneous,homogeneous#13951 | Homogeneous#28027,,homogeneous,13951,28027,순일의 / 동질적인 / 동종의 / 동원의 / 불변의,"[{""mid"": 81279, ""text"": ""동일한""}, {""mid"": 81280, ""text"": ""같은 제품의[형용사""}]"
id,id#35698 | ID#40897,,id,35698,40897,이드 / 특수 원형질 / 신분증 / 알레르기성 피부진,"[{""mid"": 108992, ""text"": ""신문증""}]"
identification,identification#7965 | identification#52222,,identification,7965,52222,신원 확인,"[{""mid"": 133821, ""text"": ""식별""}]"
identifying,identifying#28712 | identifying#52271,,identifying,28712,52271,확인 / 감별,"[{""mid"": 133890, ""text"": ""식별하는""}]"
illustrate,illustrate#1769 | Illustrate#29856 | illustrate#52159,,illustrate,1769,"29856,52159",설명하다 / 예시하다 / 삽화를 넣다,"[{""mid"": 85262, ""text"": ""분명히 보여주다""}]"
implantology,implantology#51627 | implantology#51718,,implantology,51627,51718,임플란트 치료,"[{""mid"": 131957, ""text"": ""아산화 이빈""}]"
implement,implement#1637 | implement#52353,,implement,1637,52353,실행하다,"[{""mid"": 134018, ""text"": ""시행하다""}, {""mid"": 134019, ""text"": ""도구""}]"
implicit,implicit#2301 | implicit#52389,,implicit,2301,52389,은연중의,"[{""mid"": 134088, ""text"": ""암시된""}, {""mid"": 134089, ""text"": ""내포된""}]"
imply,imply#1767 | imply#52354,,imply,1767,52354,암시하다 / 함축하다,"[{""mid"": 134021, ""text"": ""의미하다""}]"
imposter,imposter#16506 | Imposter#48566,Y,Imposter,48566,16506,사기꾼 협잡꾼 남의 이름을 사칭하는자,"[{""mid"": 51421, ""text"": ""사칭하는 사람""}]"
incentive,incentive#8877 | incentive#52006 | incentive#52373,,incentive,8877,"52006,52373",장려하는 / 보상의 / 장려금 / 유인책 / 동기 / 유인 / 동기 부여 / 혜택 / 인센티브,"[{""mid"": 134056, ""text"": ""자극""}]"
incisal,incisal#51745 | incisal#51757,,incisal,51745,51757,절면,"[{""mid"": 131992, ""text"": ""과치내우""}]"
indecisive,indecisive#11983 | Indecisive#36250,,indecisive,11983,36250,승패가 나지 않은 / 우유부단한,"[{""mid"": 98762, ""text"": ""결단력이 없는""}]"
individually,individually#8408 | Individually#34552,,individually,8408,34552,개인적으로 / 각자에게 / 하나하나 / 개별적으로,"[{""mid"": 95276, ""text"": ""개인으로""}]"
inevitable,inevitable#2401 | inevitable#52008 | inevitable#52355 | inevitable#52409 | inevitable#52471,,inevitable,2401,"52008,52355,52409,52471",필연적인 / 불가피한 / 피할 수 없는,"[{""mid"": 134245, ""text"": ""당연한""}]"
inhabit,inhabit#6876 | inhabit#52004,,inhabit,6876,52004,존재하다 / 거주하다 / 서식하다,"[{""mid"": 133510, ""text"": ""(작품 속에) 빠져들다""}]"
inherent,inherent#2155 | inherent#52391,,inherent,2155,52391,내재된 / 필연적인 / 고유의 / 타고난,"[{""mid"": 134092, ""text"": ""내재하는""}]"
insalvageable,insalvageable#39066 | INSALVAGEABLE#40115,,insalvageable,39066,40115,구해낼수 있는,"[{""mid"": 106518, ""text"": ""구해낼 수 없는""}]"
integrate,integrate#1909 | integrate#52426,,integrate,1909,52426,통합하다 / 접목하다 / 합치다 / 융합하다 / 포함하다,"[{""mid"": 134160, ""text"": ""통합시키다""}]"
internet,internet#5286 | Internet#35054,,internet,5286,35054,인터넷,"[{""mid"": 101238, ""text"": ""웹사이트""}]"
interproximal,interproximal#51711 | interproximal#51727,,interproximal,51711,51727,복합성 의치,"[{""mid"": 131966, ""text"": ""접근간""}]"
intervene,intervene#1516 | intervene#52374,,intervene,1516,52374,끼어들다 / 사이에 있다 / 개입하다,"[{""mid"": 134060, ""text"": ""중재하다""}]"
invariably,invariably#9264 | invariably#52157,,invariably,9264,52157,변함없이,"[{""mid"": 133734, ""text"": ""예외 없이""}]"
inviting,inviting#9035 | Inviting#29816,,inviting,9035,29816,솔깃한 / 유혹적인 / 초대하는,"[{""mid"": 85222, ""text"": ""매력적인""}]"
involvement,involvement#6628 | involvement#52005,,involvement,6628,52005,개입 / 관계 / 연루 / 관련,"[{""mid"": 133511, ""text"": ""참여""}, {""mid"": 133512, ""text"": ""몰입""}]"
isaac,isaac#31645 | Isaac#50089,Y,Isaac,50089,31645,이름,"[{""mid"": 88834, ""text"": ""아이작""}, {""mid"": 88835, ""text"": ""아이잭""}, {""mid"": 88836, ""text"": ""이사악""}, {""mid"": 88837, ""text"": ""아이삭""}]"
isolate,isolate#1497 | Isolate#43940,,isolate,1497,43940,분리하다 / 고립시키다 / 축출되다 / 격리하다 / 소외시키다,"[{""mid"": 115362, ""text"": ""고립(분리)시키다""}]"
isolated,isolated#2543 | isolated#52166,,isolated,2543,52166,격리된 / 고립된 / 절연된,"[{""mid"": 133747, ""text"": ""분리된""}]"
israelite,israelite#27279 | Israelite#41013,,israelite,27279,41013,하나님의 선민 / 야곱의 자손 / 고대 이스라엘,"[{""mid"": 109224, ""text"": ""이스라엘인""}, {""mid"": 109225, ""text"": ""이스라엘 어""}]"
issue,issue#241 | Issue#30822,,issue,241,30822,문제 / 사안 / 쟁점 / 발급하다 / 발행 / 지급하다 / 이슈 / 발표하다 / 발행하다 / 문제사안,"[{""mid"": 86906, ""text"": ""잡지의 호""}]"
it,it#3560 | IT#37337,,it,3560,37337,그것 / 이것 / 그런,"[{""mid"": 101099, ""text"": ""정보기술""}]"
italy,italy#7958 | Italy#35583,,italy,7958,35583,이탈리아,"[{""mid"": 101098, ""text"": ""이태리""}]"
jackson,jackson#28632 | Jackson#50251,Y,Jackson,50251,28632,이름,"[{""mid"": 82695, ""text"": ""잭슨""}]"
james,james#8575 | James#50033,Y,James,50033,8575,이름,"[{""mid"": 29272, ""text"": ""제임스""}, {""mid"": 29273, ""text"": ""야고보""}]"
jane,jane#10598 | Jane#49384,Y,Jane,49384,10598,이름 / 제인,"[{""mid"": 35017, ""text"": ""처녀""}, {""mid"": 35018, ""text"": ""여자""}]"
jennifer,jennifer#45357 | Jennifer#50071,Y,Jennifer,50071,45357,이름,"[{""mid"": 118309, ""text"": ""제니퍼""}]"
jenny,jenny#28452 | Jenny#49999,Y,Jenny,49999,28452,이름,"[{""mid"": 82246, ""text"": ""암컷""}, {""mid"": 82247, ""text"": ""방적기""}]"
jig,JIG#28006 | jig#30668,,jig,30668,28006,흑인 / 지그 / 지그를 쓰다,"[{""mid"": 81254, ""text"": ""보조기구""}]"
jill,jill#30566 | Jill#50180,Y,Jill,50180,30566,이름,"[{""mid"": 86359, ""text"": ""소녀""}, {""mid"": 86360, ""text"": ""젊은 여자""}]"
jim,jim#44620 | Jim#50048,Y,Jim,50048,44620,이름,"[{""mid"": 116716, ""text"": ""못쓰게 만들다""}]"
joe,joe#12892 | Joe#50067,Y,Joe,50067,12892,이름,"[{""mid"": 41591, ""text"": ""녀석""}, {""mid"": 41592, ""text"": ""병사""}]"
john,john#5205 | John#50002,Y,John,50002,5205,이름,"[{""mid"": 18800, ""text"": ""요한복음""}, {""mid"": 18801, ""text"": ""요한의 편지""}, {""mid"": 18802, ""text"": ""세례 요한""}]"
johnny,johnny#18349 | Johnny#50144,Y,Johnny,50144,18349,이름,"[{""mid"": 56319, ""text"": ""녀석""}, {""mid"": 56320, ""text"": ""놈""}, {""mid"": 56321, ""text"": ""짧은 가운""}]"
join,join#387 | Join#30819,,join,387,30819,연결하다 / ~에 가입하다 / 잇다 / 가입하다 / 합치다 / 동참하다 / 만나다 / 참여하다,"[{""mid"": 86900, ""text"": ""결합하다""}]"
josh,josh#12803 | Josh#50059,Y,Josh,50059,12803,이름,"[{""mid"": 41080, ""text"": ""놀리다""}, {""mid"": 41081, ""text"": ""농담하다""}]"
judaism,judaism#27562 | Judaism#40885,,judaism,27562,40885,유대 정신 / 유대인 / 유대교,"[{""mid"": 125319, ""text"": ""유대주의""}]"
judge,judge#1608 | judge#51964 | judge#52054,,judge,1608,"51964,52054",판단하다 / 심사하다 / 평가하다 / 판사 / 판결하다,"[{""mid"": 133592, ""text"": ""판정하다""}]"
karen,karen#10606 | Karen#50077,Y,Karen,50077,10606,이름,"[{""mid"": 35036, ""text"": ""카렌족""}, {""mid"": 35037, ""text"": ""카렌어""}]"
kelly,kelly#28453 | Kelly#50241,Y,Kelly,50241,28453,이름,"[{""mid"": 82249, ""text"": ""켈리""}, {""mid"": 82250, ""text"": ""캘리""}]"
keystone,keystone#20437 | keystone#52046,,keystone,20437,52046,이맛돌 / 근본 원리 / 쐐기돌,"[{""mid"": 133579, ""text"": ""핵심""}, {""mid"": 133580, ""text"": ""초석""}]"
kim,kim#45341 | Kim#49950,Y,Kim,49950,45341,이름,"[{""mid"": 118253, ""text"": ""킴""}]"
lack,lack#1053 | Lack#30818,Y,Lack,30818,1053,"""부족하다"" / ""부족""","[{""mid"": 3543, ""text"": ""…이 없다""}, {""mid"": 3544, ""text"": ""결핍""}, {""mid"": 3545, ""text"": ""부재""}, {""mid"": 3546, ""text"": ""모자라다""}]"
landscape,landscape#4429 | Landscape#30817,,landscape,4429,30817,경관 / 지역 / 조경 / 지형 / 풍경,"[{""mid"": 86895, ""text"": ""경치""}]"
larry,larry#7499 | Larry#50100,Y,Larry,50100,7499,이름,"[{""mid"": 28833, ""text"": ""래리""}]"
last,last#1780 | Last#30815,,last,1780,30815,지난 / 최종의 / 지속하다 / 지속되다 / 마지막의 / 끝,"[{""mid"": 86892, ""text"": ""계속하다""}, {""mid"": 101109, ""text"": ""최후의""}]"
latin,latin#2490 | Latin#36188,,latin,2490,36188,라틴어 / 라틴의,"[{""mid"": 98618, ""text"": ""라틴계의""}, {""mid"": 108943, ""text"": ""고대 로마언어""}]"
launch,launch#1740 | Launch#29804,,launch,1740,29804,발사하다 / 출시하다 / 발표 / 시작하다 / 개시하다,"[{""mid"": 85210, ""text"": ""분명히하다""}]"
leap,leap#1924 | Leap#36148,,leap,1924,36148,상승하다 / 자살하다 / 도약하다 / 뛰다 / 건너 뛰다 / 발전하다,"[{""mid"": 124265, ""text"": ""뛰어오르다""}]"
lease,lease#7950 | Lease#30814,,lease,7950,30814,임대 계약서 / 민간자본유치사업 / 리스 / 임대하다 / 임대 계약 / 대여하다,"[{""mid"": 86887, ""text"": ""\""임대차계약\""""}, {""mid"": 86889, ""text"": ""\""임차하다\""""}, {""mid"": 86890, ""text"": ""\""차용계약\""""}]"
lee,lee#23046 | Lee#50131,Y,Lee,50131,23046,이름,"[{""mid"": 69157, ""text"": ""바람 불어가는 쪽""}]"
lengthy,lengthy#2288 | Lengthy#30813,,lengthy,2288,30813,오랜 / 긴,"[{""mid"": 86886, ""text"": ""장황한""}]"
letterhead,letterhead#26744 | Letterhead#30458,Y,Letterhead,30458,26744,① 편지지의 윗머리에 인쇄한 개인·회사 등의 주소·이름 등 ② 1이 인쇄된 편지지,"[{""mid"": 131301, ""text"": ""레터헤드""}]"
letters,Letters#27780 | letters#50170,,letters,50170,27780,문학 / 문서,"[{""mid"": 80825, ""text"": ""서신""}]"
liable,liable#2482 | Liable#30811,,liable,2482,30811,책임 있는 / …해야 할 / 여지가 있는 / …하기 쉬운,"[{""mid"": 86883, ""text"": ""책임이있는""}]"
liberate,liberate#3001 | liberate#52375 | liberate#52392,,liberate,3001,"52375,52392",벗어나다 / 해방하다 / 자유롭게 하다,"[{""mid"": 134061, ""text"": ""해방시키다""}]"
like-minded,like-minded#39075 | LIKE-MINDED#40110,,like-minded,39075,40110,취향이나 이견이 비슷한 / 생각(뜻)이 비슷한,"[{""mid"": 106507, ""text"": ""취향이나 의견이 비슷한""}]"
likely,likely#307 | Likely#30809,,likely,307,30809,~할 것 같은 / 가능성 있는 / 할 것 같은 / …할 듯한 / 아마,"[{""mid"": 86880, ""text"": ""~할 가능성이 있는""}]"
lily,lily#4436 | Lily#50228,Y,Lily,50228,4436,이름,"[{""mid"": 16324, ""text"": ""백합""}, {""mid"": 16325, ""text"": ""수련""}, {""mid"": 16326, ""text"": ""릴리""}, {""mid"": 16327, ""text"": ""은방울꽃""}]"
limited,limited#1853 | Limited#30808,,limited,1853,30808,특별 급행 열차 / 제한을 받은 / 한정된,"[{""mid"": 86879, ""text"": ""제한된""}]"
listing,listing#7946 | Listing#30807,,listing,7946,30807,목록 / 리스트 / 일람표에의 기재 / 표 작성 / 변폭,"[{""mid"": 86877, ""text"": ""명부에 기재""}, {""mid"": 86878, ""text"": ""기입""}]"
localized,localized#19123 | localized#52218 | localized#52260 | localized#52308,,localized,19123,"52218,52260,52308",지방화된 / 국지적인 / 국지화된,"[{""mid"": 133816, ""text"": ""국소의""}]"
logic,logic#7824 | logic#52452,,logic,7824,52452,생각 / 논리,"[{""mid"": 134208, ""text"": ""타당성""}]"
long,long#283 | Long#36162,,long,283,36162,오랫동안 / 장거리의 / 오랜 / 갈망하다 / 긴 / 오래,"[{""mid"": 98566, ""text"": ""열망하다.""}]"
lucrative,lucrative#6110 | lucrative#52269 | lucrative#52317,,lucrative,6110,"52269,52317",많은 돈이 되는 / 수완이 좋은 / 이득 / 수익성이 좋은 / 수익성 / 호황 / 유리한,"[{""mid"": 133887, ""text"": ""돈을 많이 버는""}]"
lure,lure#6757 | Lure#33015,,lure,6757,33015,유치하다 / 끌어들이다 / 유혹하다,"[{""mid"": 91913, ""text"": ""마음을 끄는 것""}, {""mid"": 91914, ""text"": ""미끼""}]"
luting,luting#51621 | luting#51659,,luting,51621,51659,합착,"[{""mid"": 23341, ""text"": ""접착""}]"
mac,mac#44927 | Mac#50087,Y,Mac,50087,44927,이름,"[{""mid"": 117384, ""text"": ""맥""}, {""mid"": 117385, ""text"": ""이봐""}]"
machiavellism,Machiavellism#33137 | machiavellism#46863,,machiavellism,46863,33137,마키아벨리주의,"[{""mid"": 92216, ""text"": ""권모술수주의""}]"
makeup,makeup#4422 | Makeup#48410,,makeup,4422,48410,구성,"[{""mid"": 124636, ""text"": ""화장하다""}]"
malalignment,malalignment#51610 | malalignment#51636,,malalignment,51610,51636,치아 맞물림 부조화,"[{""mid"": 131885, ""text"": ""이상 정렬""}]"
malcolm,malcolm#49648 | Malcolm#50133,Y,Malcolm,50133,49648,이름,"[{""mid"": 127103, ""text"": ""맬컴""}]"
manifest,manifest#6752 | Manifest#30099 | manifest#52428,,manifest,6752,"30099,52428",매니페스트 / 감정을 드러내다 / 분명하게 하다 / 승객 명단 / 명백히 하다 / 분명한 / 명백한 / 나타나다,"[{""mid"": 134162, ""text"": ""나타내다""}]"
manual,manual#2182 | manual#51980,,manual,2182,51980,육체 노동의 / 규정 / 매뉴얼 / 안내책자 / 수동의,"[{""mid"": 133473, ""text"": ""손으로 하는""}]"
mark,mark#245 | Mark#30322,Y,Mark,30322,245,① 마크 ② 기념하다 ③ 표시 ④ 기록 ⑤ 흔적 / 이름,"[{""mid"": 90795, ""text"": ""정정""}, {""mid"": 134501, ""text"": ""점수""}]"
martin,martin#10353 | Martin#50211,Y,Martin,50211,10353,이름,"[{""mid"": 34350, ""text"": ""마틴""}, {""mid"": 34351, ""text"": ""마르틴""}, {""mid"": 34352, ""text"": ""마르탱""}]"
mary,mary#18374 | Mary#50064,Y,Mary,50064,18374,이름,"[{""mid"": 56616, ""text"": ""메리""}, {""mid"": 56617, ""text"": ""마리아""}, {""mid"": 56618, ""text"": ""매리""}, {""mid"": 56619, ""text"": ""마리""}]"
mater,Mater#30018 | mater#30543,,mater,30543,30018,메이터 / 모교 / 출신학교,"[{""mid"": 85525, ""text"": ""① 엄마 ② 어머니 ③ 뇌막""}]"
matter-of-fact,matter-of-fact#39074 | MATTER-OF-FACT#40109,,matter-of-fact,39074,40109,현실적인,"[{""mid"": 106506, ""text"": ""실질적인""}]"
measuring,measuring#29183 | Measuring#47113,,measuring,29183,47113,계측용의,"[{""mid"": 121914, ""text"": ""측정""}]"
mechanism,mechanism#10025 | mechanism#52137,,mechanism,10025,52137,방법 / 수단 / 메커니즘 / 체계 / 기계 / 습관적 작용 / 장치,"[{""mid"": 133706, ""text"": ""기제""}, {""mid"": 133707, ""text"": ""구조""}]"
media,Media#27744 | media#51538,,media,51538,27744,미디어,"[{""mid"": 80789, ""text"": ""대중매체""}]"
meeting,meeting#1381 | Meeting#37700,Y,Meeting,37700,1381,음~~.,"[{""mid"": 4731, ""text"": ""회의""}, {""mid"": 4732, ""text"": ""만남""}, {""mid"": 4733, ""text"": ""집회""}, {""mid"": 4734, ""text"": ""미팅""}, {""mid"": 4735, ""text"": ""충족하는""}, {""mid"": 135129, ""text"": ""모임""}]"
memorable,memorable#8699 | memorable#52110,,memorable,8699,52110,중요한 / 기억할 만한 / 인상적인,"[{""mid"": 133668, ""text"": ""기억에 남는""}]"
mend,mend#2657 | Mend#29802,,mend,2657,29802,고치다 / 낫다 / 개선하다,"[{""mid"": 85208, ""text"": ""수리하다""}]"
merge,merge#504 | merge#52472,,merge,504,52472,합류하다 / 합병하다 / 통합하다 / 합쳐지다,"[{""mid"": 134247, ""text"": ""합치다""}]"
michael,michael#4100 | Michael#30166,Y,Michael,30166,4100,① 남자 이름 ② 대천사 미가엘 ③ 천사장 미가엘 / 이름,"[{""mid"": 15293, ""text"": ""대천사 미카엘""}, {""mid"": 15294, ""text"": ""천사장 미카엘""}]"
michelle,Michelle#50193 | michelle#50515,Y,Michelle,50193,50515,이름,"[{""mid"": 128597, ""text"": ""미셸""}, {""mid"": 128598, ""text"": ""미쉘""}, {""mid"": 128599, ""text"": ""미셀""}, {""mid"": 128600, ""text"": ""미첼""}, {""mid"": 128601, ""text"": ""미셜""}]"
microabrasion,microabrasion#51667 | microabrasion#51734,,microabrasion,51667,51734,미세 마모,"[{""mid"": 131973, ""text"": ""마이크로에브라전""}]"
mindful,mindful#11564 | Mindful#29823,,mindful,11564,29823,주의하는 / 염두에 두는 / 신경을 쓰는,"[{""mid"": 85229, ""text"": ""유념하는""}]"
miss,miss#108 | Miss#37458,,miss,108,37458,미스 / 실종되다 / 그리워하다 / 놓치다 / 빼먹다 / 그립다,"[{""mid"": 101284, ""text"": ""실수""}]"
mitigate,mitigate#6746 | Mitigate#33004,,mitigate,6746,33004,줄이다 / 감소 / 경감하다 / 저감 / 누그러뜨리다 / 경감 / 완화하다,"[{""mid"": 91880, ""text"": ""가볍게 하다""}, {""mid"": 91881, ""text"": ""완화시키다""}]"
modify,modify#1899 | modify#52410,,modify,1899,52410,변경하다 / 변형하다 / 조절하다,"[{""mid"": 134128, ""text"": ""수정하다""}, {""mid"": 134129, ""text"": ""바꾸다""}]"
mogul,mogul#14462 | Mogul#38460,,mogul,14462,38460,중요 인물 / 무굴인 / 거물,"[{""mid"": 103540, ""text"": ""실력자""}]"
molly,molly#35204 | Molly#50079,Y,Molly,50079,35204,이름,"[{""mid"": 96558, ""text"": ""대형 바다새의 총칭""}, {""mid"": 96559, ""text"": ""미국 남부산의 송사리 비슷한 난태생 담수어""}]"
moroccan,moroccan#9694 | Moroccan#36612,,moroccan,9694,36612,모로코 사람 / 모로코의 / 모로코인,"[{""mid"": 99525, ""text"": ""모로코 언어""}]"
motivated,motivated#10020 | motivated#52190 | motivated#52231 | motivated#52279,,motivated,10020,"52190,52231,52279",적극적인 자세가 있는 / …할 의욕이 있는 / 유발된,"[{""mid"": 133779, ""text"": ""동기 부여된""}]"
mouthguard,mouthguard#51688 | mouthguard#51720,,mouthguard,51688,51720,입안 보호대,"[{""mid"": 131959, ""text"": ""입보호대""}]"
mrs,mrs#5388 | Mrs#35027,,mrs,5388,35027,…부인 / 미세스,"[{""mid"": 108948, ""text"": ""여인의 성""}, {""mid"": 108949, ""text"": ""성명 앞에 붙이는 경칭(공경하는 뜻으로 부르는 칭호)""}]"
ms,ms#5340 | Ms#35026,,ms,5340,35026,…씨 / 다발성경화증 / 초속 미터 / 석사학위 / 부인,"[{""mid"": 108947, ""text"": ""결혼전 젊은 여자의 호칭""}]"
muslim,muslim#25725 | Muslim#33474,,muslim,25725,33474,이슬람교도 / 무슬림 / 이슬람교의,"[{""mid"": 108960, ""text"": ""회교도""}, {""mid"": 126028, ""text"": ""회교의""}]"
nancy,nancy#37438 | Nancy#50153,Y,Nancy,50153,37438,이름,"[{""mid"": 101265, ""text"": ""여자 같은 남자""}, {""mid"": 101266, ""text"": ""남성 동성애자""}]"
nonfiction,nonfiction#21912 | Nonfiction#48417,,nonfiction,21912,48417,논픽션 작품 / 논픽션 / 전기·역사·에세이 등,"[{""mid"": 124643, ""text"": ""소설.이야기""}]"
notion,notion#10172 | notion#52429,,notion,10172,52429,생각 / 개념,"[{""mid"": 134165, ""text"": ""관념""}]"
november,november#7920 | November#41023,,november,7920,41023,11월,"[{""mid"": 113442, ""text"": ""동짓달""}, {""mid"": 119339, ""text"": ""동지달""}]"
nutritious,nutritious#2713 | nutritious#51966 | nutritious#52057,,nutritious,2713,"51966,52057",양식 / 영양이 풍부한 / 영양가 있는 / 건강에 좋은 / 영양분이 풍부한,"[{""mid"": 133450, ""text"": ""영양가가 높은""}]"
obscure,obscure#6738 | obscure#52412,,obscure,6738,52412,불분명한 / 이해하기 어려운 / 희미한 / 흐릿한 / 불명확한,"[{""mid"": 134131, ""text"": ""모호한""}, {""mid"": 134132, ""text"": ""잘 알려지지 않은""}]"
occlusion,occlusion#51731 | occlusion#51738,,occlusion,51731,51738,교합,"[{""mid"": 131976, ""text"": ""교정학""}]"
october,october#7919 | October#35727,,october,7919,35727,10월,"[{""mid"": 119337, ""text"": ""상달""}]"
odontoplasty,odontoplasty#51702 | odontoplasty#51740,,odontoplasty,51702,51740,치과성형술,"[{""mid"": 131978, ""text"": ""군근관 치료""}]"
offend,offend#3157 | Offend#29826,,offend,3157,29826,불쾌하게 하다 / 성나게 하다 / 기분이 상하다 / 기분 상하게 하다 / 위반하다 / 해치다,"[{""mid"": 85232, ""text"": ""기분나쁘게하다""}]"
offensive,offensive#3496 | Offensive#36256,,offensive,3496,36256,불쾌한 / 모욕적인 / 공격,"[{""mid"": 98768, ""text"": ""불쾌하게만드는""}]"
ok,ok#2303 | OK#26946,,ok,2303,26946,알았어 / 됐어 / 괜찮은 / 예 / 좋은,"[{""mid"": 78855, ""text"": ""좋아""}, {""mid"": 112787, ""text"": ""오케이""}]"
once,once#3491 | Once#45601,,once,3491,45601,일단 / 옛날 / 언젠가 / 한 번 / 일단 ~하면 / 한때,"[{""mid"": 118797, ""text"": ""이전에""}]"
onlay,onlay#51710 | onlay#51733,,onlay,51710,51733,온레이,"[{""mid"": 131972, ""text"": ""안레이""}]"
origin,origin#4398 | Origin#29832,,origin,4398,29832,태생 / 원인 / 시작 / 기원 / 유래,"[{""mid"": 85238, ""text"": ""근원""}]"
ostensible,ostensible#10787 | Ostensible#34544,,ostensible,10787,34544,표면만의 / 표면상의 / 겉보기만의,"[{""mid"": 95263, ""text"": ""겉으로만 그럴 듯한""}]"
overdenture,overdenture#51755 | overdenture#51765,,overdenture,51755,51765,오버덴처,"[{""mid"": 131999, ""text"": ""부분 보철""}]"
overjet,overjet#51646 | overjet#51714,,overjet,51646,51714,앞치,"[{""mid"": 131953, ""text"": ""전치과잉""}]"
overlooker,Overlooker#40178 | overlooker#42962,,overlooker,42962,40178,반장 / 감독 / 감독자,"[{""mid"": 107465, ""text"": ""조장""}]"
paul,paul#30484 | Paul#50001,Y,Paul,50001,30484,이름,"[{""mid"": 86157, ""text"": ""폴""}, {""mid"": 86158, ""text"": ""바오로""}, {""mid"": 86159, ""text"": ""파울""}, {""mid"": 86160, ""text"": ""바울로""}]"
pentecost,pentecost#28252 | Pentecost#50393,Y,Pentecost,50393,28252,오순절,"[{""mid"": 81791, ""text"": ""성령 강림절""}, {""mid"": 81792, ""text"": ""부활절 뒤 7번째 일요일""}, {""mid"": 81793, ""text"": ""수확절""}]"
perceive,perceive#1715 | perceive#52219 | perceive#52261 | perceive#52309 | perceive#52473,,perceive,1715,"52219,52261,52309,52473",인상을 주다 / 인식하다 / 인지하다 / …로 생각하다,"[{""mid"": 134249, ""text"": ""이해하다""}]"
percentage,percentage#4403 | percentage#52096,,percentage,4403,52096,퍼센티지 / 포인트 / 비율 / 퍼센트 / 부분,"[{""mid"": 133652, ""text"": ""백분율""}]"
perceptual,perceptual#15843 | Perceptual#50352,,perceptual,15843,50352,지각의,"[{""mid"": 128307, ""text"": ""지각있는""}]"
perfect,perfect#1279 | Perfect#37495,,perfect,1279,37495,완벽한 / 최적의 / 이상적인 / 완전한 / 퍼펙트,"[{""mid"": 101329, ""text"": ""완료 시제""}]"
performance,performance#1013 | Performance#37347 | performance#52188 | performance#52229 | performance#52277,,performance,1013,"37347,52188,52229,52277",실적 / 성능 / 성과 / 공연 / 이행 / 수행,"[{""mid"": 101117, ""text"": ""연주""}]"
periapical,periapical#51715 | periapical#51746,,periapical,51715,51746,치주막,"[{""mid"": 131983, ""text"": ""뿌리 주위의""}]"
pericoronitis,pericoronitis#51747 | pericoronitis#51750,,pericoronitis,51747,51750,치주농양,"[{""mid"": 131987, ""text"": ""치근관 주위염""}]"
periodontist,periodontist#51701 | periodontist#51769,,periodontist,51701,51769,치주과 의사,"[{""mid"": 23204, ""text"": ""플라크""}]"
personnel,personnel#9364 | Personnel#27777,,personnel,9364,27777,요원 / 인원 / [자체가 복수형] 직원들 / 직원 / 인력 / 담당자들 / 사람들,"[{""mid"": 80822, ""text"": ""인사""}]"
persuade,persuade#1787 | Persuade#36172,,persuade,1787,36172,기대하다 / 하게 만들다 / 납득시키다 / 설득하다 / 종용하다,"[{""mid"": 98577, ""text"": ""석득하다. 설득하여~시키다""}]"
perturb,perturb#19322 | Perturb#32995,,perturb,19322,32995,혼란시키다 / …을 당황하게 하다 / 교란하다,"[{""mid"": 91854, ""text"": ""뒤흔들어놓다""}]"
pete,pete#34979 | Pete#50124,Y,Pete,50124,34979,이름,"[{""mid"": 96227, ""text"": ""금고""}]"
phil,phil#38487 | Phil#49956,Y,Phil,49956,38487,이름,"[{""mid"": 103574, ""text"": ""「…에 친화적인」 「…에 편드는」의 뜻""}, {""mid"": 103575, ""text"": ""「…을 좋아하는 사람」 「…에 친화력을 가진 물질」의 뜻""}]"
philistine,philistine#21166 | Philistine#38440,,philistine,21166,38440,속물 / 교양 없는 / 실리주의자,"[{""mid"": 103494, ""text"": ""필리스틴 사람""}]"
posture,posture#12217 | Posture#28025,,posture,12217,28025,자세 / 태도 / 배치하다 / 태세 / 몸의 위치,"[{""mid"": 81275, ""text"": ""포즈[명사""}, {""mid"": 81276, ""text"": ""타동사""}]"
potable,potable#17895 | Potable#36151,,potable,17895,36151,상수 / 마실수있는 / 식수,"[{""mid"": 98553, ""text"": ""마시기에적합한""}]"
precipitate,precipitate#12538 | precipitate#52165,,precipitate,12538,52165,…을 침전시키다 / 재촉하다 / 침전물,"[{""mid"": 133745, ""text"": ""촉발하다""}]"
predicament,predicament#3863 | predicament#52031,,predicament,3863,52031,어려움 / 곤란함 / 곤경,"[{""mid"": 133552, ""text"": ""궁지""}]"
predominate,predominate#20286 | predominate#52130,,predominate,20286,52130,우위를 차지하다 / 영향력을 가지다 / 우세하다,"[{""mid"": 133698, ""text"": ""지배적이다""}]"
profitable,profitable#2131 | Profitable#29811,,profitable,2131,29811,돈벌이가 되는 / 이윤을 내는 / 이익이 되는 / 도움이 되는 / 수익성이 좋은,"[{""mid"": 85217, ""text"": ""수익성있는""}]"
prophy,prophy#51650 | prophy#51753,,prophy,51650,51753,프로피,"[{""mid"": 80309, ""text"": ""스케일링""}]"
proprietary,proprietary#11053 | proprietary#52028,,proprietary,11053,52028,전매 / 소유주의 / 소유자의 / 전용 / 소유자,"[{""mid"": 133547, ""text"": ""등록 상표의""}]"
prospective,prospective#2146 | prospective#52377,,prospective,2146,52377,예기되는 / 장래의 / 예비의 / 가망있는 / 잠재적인 / 미래의,"[{""mid"": 134065, ""text"": ""유망한""}]"
prosperous,prosperous#12355 | Prosperous#29837,,prosperous,12355,29837,성공한 / 번영하는,"[{""mid"": 85243, ""text"": ""번창한""}]"
proteus,proteus#47353 | Proteus#49965,Y,Proteus,49965,47353,이름,"[{""mid"": 122396, ""text"": ""자유 자재로 변하는 모습과 예언력을 가진 해신""}, {""mid"": 122397, ""text"": ""프로테우스""}]"
protrusion,protrusion#20249 | protrusion#52122,,protrusion,20249,52122,튀어나옴 / 돌출 / 내밀기,"[{""mid"": 133686, ""text"": ""내묾""}]"
provoke,provoke#1454 | Provoke#36248,,provoke,1454,36248,도발하다 / 촉발시키다 / 자극하다 / 유발하다 / 일으키다,"[{""mid"": 98760, ""text"": ""성나게 하다""}]"
psychological,psychological#2399 | psychological#52152,,psychological,2399,52152,정신의 / 심리학의,"[{""mid"": 133725, ""text"": ""심리학적인""}]"
puritan,puritan#17855 | Puritan#34854,,puritan,17855,34854,퓨리턴 / 엄격주의자 / 청교도,"[{""mid"": 100770, ""text"": ""청도교""}]"
rachel,rachel#45753 | Rachel#50186,Y,Rachel,50186,45753,이름,"[{""mid"": 119058, ""text"": ""살빛""}, {""mid"": 119059, ""text"": ""라헬""}]"
radiograph,radiograph#51656 | radiograph#51778,,radiograph,51656,51778,방사선 사진,"[{""mid"": 132010, ""text"": ""씰러트""}]"
radiographic,radiographic#51648 | radiographic#51748,,radiographic,51648,51748,방사선학적인,"[{""mid"": 131985, ""text"": ""방사선상의""}]"
radiolucent,radiolucent#51654 | radiolucent#51736,,radiolucent,51654,51736,재배치,"[{""mid"": 131974, ""text"": ""투시성""}]"
randy,randy#27350 | Randy#49979,Y,Randy,49979,27350,이름,"[{""mid"": 79846, ""text"": ""난잡한""}, {""mid"": 79847, ""text"": ""떠들썩한""}]"
reap,reap#6363 | Reap#36149,,reap,6363,36149,이익을 얻다 / 거둬들이다,"[{""mid"": 98551, ""text"": ""수확하다. 베어들이다. 거두어들이다""}]"
recontouring,recontouring#51751 | recontouring#51777,,recontouring,51751,51777,재형성,"[{""mid"": 132009, ""text"": ""치주유지""}]"
redeemable,redeemable#2738 | Redeemable#45586,,redeemable,2738,45586,상환할 수 있는 / 환급 가능한 / 다시 사들일 수 있는,"[{""mid"": 118687, ""text"": ""보상이 가능한""}]"
refreshing,refreshing#3113 | Refreshing#29848,,refreshing,3113,29848,상쾌한 / 기운이 나게 하는 / 심신을 상쾌하게 하는 / 새롭게 하는,"[{""mid"": 85254, ""text"": ""기운나게하는""}]"
refundable,refundable#12941 | refundable#51994,,refundable,12941,51994,갚을 수 있는 / 반환할 수 있는,"[{""mid"": 133497, ""text"": ""환불 가능한""}]"
register,register#1672 | register#52120,,register,1672,52120,목록 / 등록기 / 신청하다 / 등록하다 / 기록하다,"[{""mid"": 133684, ""text"": ""인식하다""}]"
rehearse,rehearse#5931 | rehearse#51965 | rehearse#52056,,rehearse,5931,"51965,52056",…을 자세히 말하다 / 시연하다 / 연습하다,"[{""mid"": 133448, ""text"": ""리허설을 하다""}, {""mid"": 133449, ""text"": ""예행연습을 하다""}]"
relegate,relegate#4654 | Relegate#33011 | relegate#52034,Y,Relegate,33011,"4654,52034",위임하다 / 좌천시키다 / 보다 하위 리그로 강등시키다,"[{""mid"": 17027, ""text"": ""…을 내려앉히다""}, {""mid"": 17028, ""text"": ""이관하다""}, {""mid"": 130528, ""text"": ""격하시키다""}, {""mid"": 130529, ""text"": ""(덜 중요한 위치로) 밀쳐 버리다""}, {""mid"": 132715, ""text"": ""내려보내다""}, {""mid"": 133558, ""text"": ""(낮은 위치로) 밀쳐버리다""}]"
reluctance,reluctance#21074 | reluctance#52270 | reluctance#52318,,reluctance,21074,"52270,52318",꺼림 / 주저함,"[{""mid"": 133889, ""text"": ""내키지 않음""}]"
remineralization,remineralization#51641 | remineralization#51739,,remineralization,51641,51739,미네랄화,"[{""mid"": 131977, ""text"": ""재석회복""}]"
remit,remit#6716 | Remit#33009,,remit,6716,33009,보내다 / 면제하다 / 송금하다,"[{""mid"": 91895, ""text"": ""사건 기록의 이송""}, {""mid"": 91896, ""text"": ""검토 과제""}]"
remote,remote#764 | remote#52018,,remote,764,52018,희박한 / 리모컨 / 먼 / 외딴 / 원격의,"[{""mid"": 133531, ""text"": ""멀리 떨어진""}]"
render,render#1917 | render#52204 | render#52247 | render#52295,,render,1917,"52204,52247,52295",만들다,"[{""mid"": 133795, ""text"": ""(상태가 되게) 하다""}, {""mid"": 133854, ""text"": ""(어떤 상태가) 되게 하다""}]"
reorganize,reorganize#13032 | reorganize#51985,,reorganize,13032,51985,개편하다 / 재건하다 / 재편성하다,"[{""mid"": 133483, ""text"": ""개조하다""}]"
representational,representational#32038 | representational#52128,,representational,32038,52128,표상의 / 대표의 / 재현적인,"[{""mid"": 133695, ""text"": ""표현적인""}, {""mid"": 133696, ""text"": ""구체적 형상을 나타내는""}]"
restore,restore#1647 | Restore#29818 | restore#52397,,restore,1647,"29818,52397",재건하다 / 되찾다 / 회복하다 / 되돌리다 / 복원하다,"[{""mid"": 134103, ""text"": ""복구하다""}, {""mid"": 134104, ""text"": ""회복시키다""}]"
restrict,restrict#1650 | Restrict#29809 | restrict#52474,,restrict,1650,"29809,52474",통제 / 규제 / 제약 / 금지하다 / 제한하다,"[{""mid"": 134251, ""text"": ""한정하다""}]"
rex,rex#3240 | Rex#50173,Y,Rex,50173,3240,이름,"[{""mid"": 12254, ""text"": ""왕""}, {""mid"": 12255, ""text"": ""국왕""}, {""mid"": 12256, ""text"": ""짧은 털의 변이종""}]"
rhyme,rhyme#16269 | Rhyme#30466,,rhyme,16269,30466,랩 / 운문 / 운을 맞추다,"[{""mid"": 124632, ""text"": ""라임""}]"
rick,rick#12957 | Rick#50018,Y,Rick,50018,12957,이름,"[{""mid"": 41769, ""text"": ""건초의 가리""}, {""mid"": 41770, ""text"": ""쌓아올리다""}]"
robert,robert#43688 | Robert#49973,Y,Robert,49973,43688,이름,"[{""mid"": 114859, ""text"": ""로버트""}]"
roger,roger#26169 | Roger#50118,Y,Roger,50118,26169,이름,"[{""mid"": 76862, ""text"": ""로저""}, {""mid"": 76863, ""text"": ""알았다""}, {""mid"": 76864, ""text"": ""좋아""}]"
rose,rose#4963 | Rose#50019,Y,Rose,50019,4963,이름,"[{""mid"": 18042, ""text"": ""올랐다""}, {""mid"": 18043, ""text"": ""장미""}, {""mid"": 18044, ""text"": ""로즈""}]"
ross,ross#12956 | Ross#50013,Y,Ross,50013,12956,이름,"[{""mid"": 41766, ""text"": ""나무 껍질을 벗기다""}, {""mid"": 41767, ""text"": ""꺼칠꺼칠한 외피""}]"
russian,russian#1981 | Russian#36611,,russian,1981,36611,러시아인의 / 러시아어 / 러시아의,"[{""mid"": 99522, ""text"": ""러시아 사람""}, {""mid"": 99523, ""text"": ""러시아 언어""}]"
salaries,Salaries#27773 | salaries#49372,,salaries,49372,27773,급여,"[{""mid"": 80818, ""text"": ""봉급""}]"
sarah,sarah#32963 | Sarah#50248,Y,Sarah,50248,32963,이름,"[{""mid"": 91786, ""text"": ""사라""}, {""mid"": 91787, ""text"": ""세라""}, {""mid"": 91788, ""text"": ""새러""}, {""mid"": 91789, ""text"": ""새라""}]"
satisfied,satisfied#2373 | satisfied#52065,,satisfied,2373,52065,충족된 / 흔쾌한 / 만족한 / 납득한,"[{""mid"": 133607, ""text"": ""만족스러운""}]"
scant,scant#18485 | Scant#48561,Y,Scant,48561,18485,부족한 인색하게 굴다,"[{""mid"": 13748, ""text"": ""거의 없는""}, {""mid"": 56706, ""text"": ""줄이다""}, {""mid"": 56707, ""text"": ""빈약한""}]"
scholarship,scholarship#2750 | scholarship#51981 | scholarship#52077,,scholarship,2750,"51981,52077",장학금 / 학문,"[{""mid"": 133476, ""text"": ""학식""}]"
score,score#1295 | score#52143,,score,1295,52143,악보 / 점수 / 자국을 내다 / 득점하다,"[{""mid"": 133715, ""text"": ""배경음악""}]"
scott,scott#8688 | Scott#50192,Y,Scott,50192,8688,이름,"[{""mid"": 29612, ""text"": ""스콧""}]"
sequence,sequence#2779 | sequence#52416,,sequence,2779,52416,서열 / 연속 / 순서 / 배열,"[{""mid"": 134140, ""text"": ""차례""}]"
seth,seth#34863 | Seth#50220,Y,Seth,50220,34863,이름,"[{""mid"": 96002, ""text"": ""세스""}]"
sharon,sharon#18339 | Sharon#50070,Y,Sharon,50070,18339,이름,"[{""mid"": 56272, ""text"": ""샤론""}, {""mid"": 56273, ""text"": ""섀런""}, {""mid"": 56274, ""text"": ""셰론""}, {""mid"": 56275, ""text"": ""무궁화""}]"
shipment,shipment#11186 | Shipment#30433,,shipment,11186,30433,운반 / 배송 / 수송 / 출하 / 선적량,"[{""mid"": 86081, ""text"": ""① 선적 ② 발송 ③ 적재""}]"
shipping,shipping#24154 | Shipping#27769,,shipping,24154,27769,해운업 / 선박 톤수 / 선적,"[{""mid"": 80814, ""text"": ""운송""}]"
shout,shout#1763 | Shout#37453,,shout,1763,37453,외치다 / 큰 소리 / 소리지르다 / 고함치다 / 외침,"[{""mid"": 101279, ""text"": ""소리치다""}]"
shut,shut#1784 | Shut#48223,,shut,1784,48223,닫다 / 다물다 / 차단하다 / 막다 / 폐쇄하다,"[{""mid"": 124269, ""text"": ""가두다""}]"
silvery,silvery#23696 | Silvery#37352,,silvery,23696,37352,은백색의 / 은빛나는 / 은색,"[{""mid"": 101122, ""text"": ""맑은""}]"
simon,simon#45748 | Simon#50060,Y,Simon,50060,45748,이름,"[{""mid"": 119045, ""text"": ""끌려다니는 사람""}, {""mid"": 119046, ""text"": ""시몬""}]"
since,since#3254 | Since#45598,,since,3254,45598,그 후 / ~이래로 / …이래 / …때부터 / …이후,"[{""mid"": 118789, ""text"": ""\""~이래\""""}, {""mid"": 118790, ""text"": ""\""~때문에\""""}, {""mid"": 118791, ""text"": ""\""~이후\""""}, {""mid"": 118792, ""text"": ""\""~한 까닭에\""""}]"
so,so#3394 | So#37175,,so,3394,37175,그러니 / 따라서 / 그렇게 / 그렇다면 / 그래서,"[{""mid"": 100742, ""text"": ""그러므로""}]"
sora,sora#28957 | Sora#49386,,sora,28957,49386,쇠뜸부기의 일종,"[{""mid"": 126574, ""text"": ""소라""}]"
spartan,spartan#21953 | Spartan#43994,,spartan,21953,43994,스파르타인의 / 스파르타인 같은 기질의 사람 / 스파르타의,"[{""mid"": 115471, ""text"": ""삼가는""}, {""mid"": 115472, ""text"": ""절제하는""}]"
specifications,Specifications#27763 | specifications#30750,,specifications,30750,27763,설명서,"[{""mid"": 80808, ""text"": ""명세서""}]"
startle,startle#6869 | startle#52022,,startle,6869,52022,놀라다 / 깜짝 놀라다,"[{""mid"": 133537, ""text"": ""깜짝 놀라게 하다""}]"
stephen,stephen#31625 | Stephen#50115,Y,Stephen,50115,31625,이름,"[{""mid"": 88787, ""text"": ""스티븐""}]"
steve,steve#48593 | Steve#50179,Y,Steve,50179,48593,이름,"[{""mid"": 124876, ""text"": ""스티브""}]"
stimulate,stimulate#1452 | stimulate#52434,,stimulate,1452,52434,고무시키다 / 자극하다 / 촉진시키다,"[{""mid"": 134174, ""text"": ""격려하다""}]"
striking,striking#2105 | striking#52160,,striking,2105,52160,타격의 / 놀랄만한 / 두드러진 / 굉장히 매력적인 / 공격의 / 눈에 띄는 / 파업 중인,"[{""mid"": 133739, ""text"": ""놀라운""}]"
struggling,struggling#12570 | Struggling#30413,,struggling,12570,30413,노력하는 / 어려워하는 / 다투고 있는 / 힘든 / 고군분투하는 / 곤경을 겪고 있는 / 애쓰는,"[{""mid"": 86054, ""text"": ""① 기를 쓰는 ② 분투하는 ③ 몸부림치는""}]"
subcontractor,Subcontractor#28010 | subcontractor#28828,,subcontractor,28828,28010,하청업자 / 하청 회사,"[{""mid"": 81258, ""text"": ""하청업체""}]"
subgingival,subgingival#51662 | subgingival#51725,,subgingival,51662,51725,잇몸하,"[{""mid"": 131964, ""text"": ""잇몸 아래에""}]"
subject,subject#1560 | subject#52153,,subject,1560,52153,과목 / 주제 / 대상 / 국민 / 과제 / 주어,"[{""mid"": 133726, ""text"": ""피실험자""}]"
substance,substance#3376 | substance#51982 | substance#52078,,substance,3376,"51982,52078",물질 / 본질,"[{""mid"": 133477, ""text"": ""실체""}]"
sue,sue#1547 | Sue#50172,Y,Sue,50172,1547,이름,"[{""mid"": 6260, ""text"": ""고소하다""}]"
sunburn,sunburn#6661 | Sunburn#48409,,sunburn,6661,48409,볕에 타기 / 볕에 태우다 / 햇볕에 탐,"[{""mid"": 124635, ""text"": ""햇빛에 탐""}]"
sunny,sunny#4600 | Sunny#36233,,sunny,4600,36233,햇살의 / 맑은 / 화창한 / 햇볕이 나는 / 쨍쨍한 / 밝은,"[{""mid"": 98672, ""text"": ""햇빛이  반짝이는""}]"
swipe,swipe#6519 | swipe#52171,,swipe,6519,52171,강타 / 훔치다 / 밀다 / 카드를 긋다,"[{""mid"": 133754, ""text"": ""( 카드를) 판독기에 대다""}]"
tad,tad#12001 | Tad#50208,Y,Tad,50208,12001,이름,"[{""mid"": 39062, ""text"": ""조금""}, {""mid"": 39063, ""text"": ""약간""}, {""mid"": 39064, ""text"": ""꼬마""}]"
taiwanese,taiwanese#34729 | Taiwanese#36609,,taiwanese,34729,36609,대만어 / 대만 사람 / 대만의,"[{""mid"": 99520, ""text"": ""대만 언어""}]"
taxis,Taxis#27759 | taxis#49415,,taxis,49415,27759,「배열」 「주성」의 뜻 / 순서 / 계통적 배열,"[{""mid"": 80804, ""text"": ""택시""}]"
taylor,taylor#29051 | Taylor#50181,Y,Taylor,50181,29051,이름,"[{""mid"": 83678, ""text"": ""테일러""}, {""mid"": 83679, ""text"": ""영국의 수학자""}]"
tedious,tedious#8681 | Tedious#50353,,tedious,8681,50353,진부한 / 장황한 / 지루한,"[{""mid"": 128309, ""text"": ""말수가 많은""}]"
theoretical,theoretical#2379 | theoretical#51978,,theoretical,2379,51978,이론상의,"[{""mid"": 133470, ""text"": ""이론적인""}]"
thomas,thomas#28451 | Thomas#49971,Y,Thomas,49971,28451,이름,"[{""mid"": 82244, ""text"": ""성 토마""}, {""mid"": 82245, ""text"": ""…을 성희롱 혐의로 고발하다""}]"
tibetan,tibetan#25155 | Tibetan#36606,,tibetan,25155,36606,티베트인의 / 티베트인 / 티베트의,"[{""mid"": 99515, ""text"": ""티벳 사람""}, {""mid"": 99516, ""text"": ""티벳 언어""}]"
tiresome,tiresome#14647 | TIRESOME#44500,,tiresome,14647,44500,피곤한 / 지겨운,"[{""mid"": 116501, ""text"": ""지루한""}, {""mid"": 116502, ""text"": ""넌더리나는""}, {""mid"": 116503, ""text"": ""싫증나는""}]"
titan,titan#26403 | Titan#50471,,titan,26403,50471,거인 / 티탄 / 헬리오스 / 「티탄」의 뜻,"[{""mid"": 128515, ""text"": ""타이탄 (토성의 위성)""}]"
tom,tom#5298 | Tom#49387,Y,Tom,49387,5298,톰 / 이름,"[{""mid"": 19147, ""text"": ""수고양이""}, {""mid"": 19149, ""text"": ""백인에게 굽실거리다""}]"
tortilla,tortilla#5878 | Tortilla#35672,,tortilla,5878,35672,토르티아 / 토르티야,"[{""mid"": 97592, ""text"": ""또르띠아""}]"
transform,transform#1710 | transform#52360 | transform#52417,,transform,1710,"52360,52417",바꾸어 놓다 / 변형시키다 / 변모시키다 / 전환하다 / 만들다 / 변화시키다,"[{""mid"": 134031, ""text"": ""바꾸다""}, {""mid"": 134142, ""text"": ""완전히 바꾸다""}]"
trap,trap#1446 | Trap#49888,,trap,1446,49888,잡다 / 덫 / 함정 / 가두다 / 빨아들이다 / 과속 감시 장치,"[{""mid"": 127603, ""text"": ""트랩""}]"
treatment,treatment#3337 | Treatment#29820,,treatment,3337,29820,처리 / 관리 / 대우 / 처치 / 치료,"[{""mid"": 85226, ""text"": ""처지""}]"
trey,trey#10069 | Trey#50126,Y,Trey,50126,10069,이름,"[{""mid"": 33176, ""text"": ""3개 한 벌""}, {""mid"": 33177, ""text"": ""3펜스 화폐""}]"
trimming,Trimming#28029 | trimming#30782,,trimming,30782,28029,깎아 다듬기 / 정돈 / 손질,"[{""mid"": 81282, ""text"": ""트리밍[다듬는 공정""}]"
trouble,trouble#745 | Trouble#48227,,trouble,745,48227,문제 / 곤란 / 말썽 / 고생 / 고통 / 어려움,"[{""mid"": 124275, ""text"": ""걱정거리""}]"
truncate,truncate#18919 | Truncate#33005,,truncate,18919,33005,끝을 자르다 / 일부를 생략하여 줄이다 / 꼭대기를 자르다,"[{""mid"": 91882, ""text"": ""상부를 자르다""}, {""mid"": 91884, ""text"": ""끝을 자른""}]"
tuesday,tuesday#4968 | Tuesday#31979,,tuesday,4968,31979,화요일,"[{""mid"": 112788, ""text"": ""목요일""}]"
turkey,turkey#4549 | Turkey#49948,,turkey,4549,49948,튀르키예 / 칠면조,"[{""mid"": 127717, ""text"": ""터키""}]"
uncovered,uncovered#20969 | Uncovered#29855,,uncovered,20969,29855,모자를 벗은 / 폭로된 / 무담보의,"[{""mid"": 85261, ""text"": ""알아내다""}]"
undaunted,undaunted#8975 | Undaunted#48569,,undaunted,8975,48569,용감한 / 두려워하지 않는 / 굽히지 않는,"[{""mid"": 124832, ""text"": ""당당한""}]"
unless,unless#675 | Unless#45593,,unless,675,45593,~하지 않으면 / …하지 않는다면 / 제외하면 / …한다면 모를까,"[{""mid"": 118779, ""text"": ""~하지 않는 한""}]"
unsatisfied,Unsatisfied#29857 | unsatisfied#40875,Y,Unsatisfied,29857,40875,불만스러운,"[{""mid"": 108926, ""text"": ""만족되지 않은""}, {""mid"": 108927, ""text"": ""만족하고 있지 않은""}]"
venule,venule#44459 | Venule#44536,,venule,44459,44536,작은 날개맥 / 세정맥 / 작은 맥 / 작은 정맥,"[{""mid"": 116665, ""text"": ""소정맥""}]"
verify,verify#6687 | verify#52379,,verify,6687,52379,확인하다,"[{""mid"": 134069, ""text"": ""입증하다""}]"
vindicate,vindicate#11644 | Vindicate#32998,,vindicate,11644,32998,…을 변호하다 / 옹호하다 / 오해를 풀다 / 변호하다 / 비난을 풀다 / …의 정당성을 입증하다,"[{""mid"": 91862, ""text"": ""옳음을 밝히다""}, {""mid"": 91863, ""text"": ""회복하다""}]"
wafer,wafer#26254 | Wafer#43491,,wafer,26254,43491,면병 / 웨이퍼 / …을 봉하다,"[{""mid"": 114566, ""text"": ""얇고 딱딱한 과자""}, {""mid"": 114567, ""text"": ""약한 것을 총칭""}]"
wanted,wanted#10834 | Wanted#31262,,wanted,10834,31262,희망했다 / 하고자 / 싶었다 / 구인모집 / 원했다 / 바랐다,"[{""mid"": 87939, ""text"": ""구인광고""}, {""mid"": 87940, ""text"": ""사람을 구함""}]"
washington,washington#17199 | Washington#29919,,washington,17199,29919,워싱턴 주 / 워싱턴 / 미국 정부 / 워싱턴 호,"[{""mid"": 127709, ""text"": ""워싱톤""}]"
watchdog,watchdog#4057 | Watchdog#30392,,watchdog,4057,30392,감시 단체,"[{""mid"": 86024, ""text"": ""① 감시인 ② 감시견 ③ 파수꾼""}]"
western,western#1800 | Western#36590,,western,1800,36590,서양의 / 서부의 / 서쪽의,"[{""mid"": 99493, ""text"": ""서쪽에 위치한""}]"
whereas,whereas#4860 | Whereas#45594,,whereas,4860,45594,…인데도 / ~인 반면에 / 서문 / …임에 비하여 / ~라는 사실에 비추어 / ~한 사실이 있으므로,"[{""mid"": 118780, ""text"": ""~임에 반해서""}]"
while,while#3294 | While#45603,,while,3294,45603,…하면서 / ~하는 동안 / …에 반하여 / 동시에 / 잠시 / …동안에,"[{""mid"": 118802, ""text"": ""~하는 한""}]"
william,william#37557 | William#49963,Y,William,49963,37557,이름,"[{""mid"": 101471, ""text"": ""윌리엄""}, {""mid"": 101472, ""text"": ""지폐""}]"
worth,worth#626 | Worth#29812,,worth,626,29812,재산 / …할 만한 / 가치있는 / …어치 / ..의 값어치가 있다 / ...할 가치가 있다 / 가치 있는 / 중요성,"[{""mid"": 85218, ""text"": ""가치가있는""}]"
yield,yield#1915 | yield#52475,,yield,1915,52475,수확량 / 이윤율 / 수확 / 산출하다 / 포기하다 / 항복 / 수율 / 생산하다 / 양보하다 / 양보 / 수익률,"[{""mid"": 134254, ""text"": ""굴복하다""}]"
