voca_id,word,reason,has_meaning,in_admin_book,fixed_word,wiktionary
33460,-fold,affix,True,False,,
46956,-legged,affix,True,False,,
34347,-less,affix,True,False,,
35029,-meter,affix,True,False,,
36126,-ward,affix,True,False,,
31960,",which",comma_garbage,True,False,,
31961,",who",comma_garbage,True,False,,
38557,..-oriented,bracket_garbage,True,False,,
38549,...-fold,bracket_garbage,True,False,,
38551,...-free,bracket_garbage,True,False,,
38567,...year-old,bracket_garbage,True,False,,
49178,.allowance,lead_symbol_dup,True,False,,
49174,.baste,lead_symbol_dup,True,False,,
49177,.deep,lead_symbol_dup,True,False,,
49176,.down,lead_symbol_dup,True,False,,
49180,.front,lead_symbol_dup,True,False,,
49183,.left,lead_symbol_dup,True,False,,
49186,.other,lead_symbol_dup,True,False,,
49184,.placket,lead_symbol_dup,True,False,,
49181,.princess,lead_symbol_dup,True,False,,
49185,.right,lead_symbol_dup,True,False,,
49187,.tail,lead_symbol_dup,True,False,,
49179,.up,lead_symbol_dup,True,False,,
49175,.welt,lead_symbol_dup,True,False,,
49182,.yoke,lead_symbol_dup,True,False,,
51385,(soil)liquefaction,bracket_dup,True,False,,
36956,[gain]~weight.,bracket_garbage,True,False,,
40770,"[upper,lower]limb",bracket_dup,True,False,,
40761,[upper]respiratory,bracket_dup,True,False,,
17897,~free,bracket_garbage,True,False,,
31797,01,lead_symbol_garbage,True,False,,
31796,02,lead_symbol_garbage,True,False,,
44182,0ld,lead_symbol_garbage,True,False,,
37710,1-1represent,lead_symbol_garbage,True,False,,
37708,1-2copyright,lead_symbol_garbage,True,False,,
37706,1-3overestimate,lead_symbol_garbage,True,False,,
37705,1-4nutrition,lead_symbol_garbage,True,False,,
37704,1-6disastrous,lead_symbol_garbage,True,False,,
37703,1-7toleration,lead_symbol_garbage,True,False,,
37702,1-8literary,lead_symbol_garbage,True,False,,
40867,1000B.C.,lead_symbol_garbage,True,False,,
34914,19-20page,lead_symbol_garbage,True,False,,
28534,411,lead_symbol_garbage,True,False,,
7005,Absolutely.,tail_period_dup,True,False,,
35593,add-on(s),bracket_dup,True,False,,
50547,alert.,tail_period_dup,True,False,,
7004,Always.,tail_period_dup,True,False,,
7003,Amazing.,tail_period_dup,True,False,,
43479,amenable.,tail_period_dup,True,False,,
43452,amphibolous=ambiguous,bracket_dup,True,False,,
48500,ante=before,bracket_dup,True,False,,
48501,anti=against,affix,True,False,,
37085,antidote(s),bracket_dup,True,False,,
51488,arch.,tail_period_dup,True,False,,
37334,as~as…,bracket_garbage,True,False,,
43489,assume.,tail_period_dup,True,False,,
38025,axe=ax,bracket_dup,True,False,,
50557,bankroll.,tail_period_dup,True,False,,
31981,"be,become,seem,remain,stay",comma_dup,True,False,,
16703,began(begin),bracket_dup,True,False,,
43493,behemoth.,tail_period_dup,True,False,,
47648,beware(of),bracket_dup,True,False,,
29267,bill[v.],bracket_dup,True,False,,
35383,by~ing,bracket_garbage,True,False,,
40171,cando(u)r,bracket_dup,True,False,,
38571,confuse...,bracket_garbage,True,False,,
38564,contempt(for...),bracket_garbage,True,False,,
40396,corpor(e)al,bracket_dup,True,False,,
33139,credential(s),bracket_dup,True,False,,
39362,cup(v),bracket_dup,True,False,,
39333,dart(v),bracket_dup,True,False,,
50553,denote.,tail_period_dup,True,False,,
36358,depict(=describe),bracket_dup,True,False,,
35333,dialog(ue),bracket_dup,True,False,,
48554,dike=dyke,bracket_dup,True,False,,
50555,disrupt.,tail_period_dup,True,False,,
50556,disturb.,tail_period_dup,True,False,,
44004,DIY(do-it-yourself),bracket_dup,True,False,,
35331,doctor(Dr.),bracket_dup,True,False,,
38570,earn...,bracket_garbage,True,False,,
41137,earnings.,tail_period_dup,True,False,,
46678,emanate[=originate],bracket_dup,True,False,,
48555,embed=imbed,bracket_dup,True,False,,
35093,enjoy~ing,bracket_garbage,True,False,,
38572,ex-...,bracket_garbage,True,False,,
48556,expat=expatriate,bracket_dup,True,False,,
34658,false[o],bracket_dup,True,False,,
50539,fiduciary.,tail_period_dup,True,False,,
31980,"find,make,keep",comma_dup,True,False,,
42703,fish.,tail_period_dup,True,False,,
9004,flick[moive],bracket_dup,True,False,,
42702,foot.,tail_period_dup,True,False,,
48497,frat=fraternity,bracket_dup,True,False,,
43762,from~to~,bracket_garbage,True,False,,
39380,girlie(=grily),bracket_dup,True,False,,
48493,glamour=glamour,bracket_dup,True,False,,
31758,go~ing,bracket_garbage,True,False,,
16722,grown(grow),bracket_dup,True,False,,
35078,hate=dislike,bracket_dup,True,False,,
43513,heavyweight.,tail_period_dup,True,False,,
41261,hono[u]r,bracket_dup,True,False,,
48553,impetuous=hasty,bracket_dup,True,False,,
31889,implication.,tail_period_dup,True,False,,
50545,incumbent.,tail_period_dup,True,False,,
38568,indicate...,bracket_garbage,True,False,,
35047,influence=affect,bracket_dup,True,False,,
44432,inured.,tail_period_dup,True,False,,
40385,ironic(al),bracket_dup,True,False,,
48824,keep~clean,bracket_garbage,True,False,,
36401,knife(ves),bracket_dup,True,False,,
43960,largess(e),bracket_dup,True,False,,
44433,largesse.,tail_period_dup,True,False,,
50559,legitimacy.,tail_period_dup,True,False,,
42038,let~down,bracket_garbage,True,False,,
43488,lot.,tail_period_dup,True,False,,
50540,manifest.,tail_period_dup,True,False,,
40108,METAPHORIC[AL],bracket_dup,True,False,,
36410,Mt.Cook.,tail_period_garbage,True,False,,
43490,nadir.,tail_period_dup,True,False,,
44115,name~after…,bracket_garbage,True,False,,
42037,never~without,bracket_garbage,True,False,,
44153,no[=nay],bracket_dup,True,False,,
50543,"Notably,",comma_dup,True,False,,
50542,noteworthy.,tail_period_dup,True,False,,
36409,okay(OK),bracket_dup,True,False,,
33635,outside~,bracket_garbage,True,False,,
34892,page89~90,bracket_garbage,True,False,,
35332,parent(s),bracket_dup,True,False,,
38556,per...,bracket_garbage,True,False,,
35441,"perm,permanence",comma_dup,True,False,,
32431,phlegmatic(al),bracket_dup,True,False,,
32429,phon(e)y,bracket_dup,True,False,,
35224,practice(-tise),bracket_dup,True,False,,
50548,prescribe.,tail_period_dup,True,False,,
50541,proficiency.,tail_period_dup,True,False,,
46982,prolog(ue),bracket_dup,True,False,,
39393,prom(n),bracket_dup,True,False,,
38579,prosaic[al],bracket_dup,True,False,,
50544,prospectively.,tail_period_dup,True,False,,
45900,put..together,bracket_garbage,True,False,,
36217,quarterfinal(s),bracket_dup,True,False,,
51485,rabbet(rebate),bracket_dup,True,False,,
50551,ratify.,tail_period_dup,True,False,,
35138,read=say,bracket_dup,True,False,,
31799,reapply.,tail_period_dup,True,False,,
35073,remind~of...,bracket_garbage,True,False,,
35418,"removal,remover",comma_dup,True,False,,
48559,repertory=repertoire,bracket_dup,True,False,,
35132,request=require,bracket_dup,True,False,,
50552,restatement.,tail_period_dup,True,False,,
50546,reunion.,tail_period_dup,True,False,,
39378,rhinestone(n),bracket_dup,True,False,,
35133,ridiculous=silly,bracket_dup,True,False,,
40354,rigo(u)r,bracket_dup,True,False,,
50550,scrivener.,tail_period_dup,True,False,,
36218,semifinal(s),bracket_dup,True,False,,
50534,severance.,tail_period_dup,True,False,,
50549,severity.,tail_period_dup,True,False,,
50558,shady.,tail_period_dup,True,False,,
35123,shape=form,bracket_dup,True,False,,
34402,shorts.,tail_period_dup,True,False,,
50566,shredder.,tail_period_dup,True,False,,
48745,sleeve=liner,bracket_dup,True,False,,
39325,snap(v),bracket_dup,True,False,,
46680,solely[exclusively],bracket_dup,True,False,,
32428,spasmodic(al),bracket_dup,True,False,,
29464,specification.,tail_period_dup,True,False,,
51335,specification(spec),bracket_dup,True,False,,
38576,sporadic[al],bracket_dup,True,False,,
36957,stop~from-ing,bracket_garbage,True,False,,
43482,straightforward.,tail_period_dup,True,False,,
37834,street[St.],bracket_dup,True,False,,
37319,strength=merit=advantage,bracket_dup,True,False,,
50561,suspension.,tail_period_dup,True,False,,
46679,sustained[=prolonged],bracket_dup,True,False,,
46677,swell[=inflate],bracket_dup,True,False,,
16702,taken(take),bracket_dup,True,False,,
38563,talk...over,bracket_garbage,True,False,,
37072,tell~from...,bracket_garbage,True,False,,
34952,terms.,tail_period_dup,True,False,,
12314,try~,bracket_garbage,True,False,,
50238,ú,lead_symbol_garbage,True,False,,
31794,upon~ing,bracket_garbage,True,False,,
28359,user~friendly,bracket_garbage,True,False,,
43516,winnow.,tail_period_dup,True,False,,
43508,woefully.,tail_period_dup,True,False,,
31798,workforce.,tail_period_dup,True,False,,
44184,好啊，虽然现在不去外国留学，但是先学好英语再说吧。,cjk,True,False,,
