58177	우리 직원 모두는 새 디자인 소프트웨어 사용에 <strong class="target-word">익숙하다</strong>.
58178	Delroy Lee는 버지니아에 본사를 둔 다국적 통신 <strong class="target-word">기업</strong>을 이끌고 있다.
58179	Jenkins 씨는 <strong class="target-word">까다로운</strong> 상사이지만, 공정하다는 평판을 가지고 있다.
58180	정기적인 사교 활동은 <strong class="target-word">동료들</strong> 간의 협력을 향상시킬 수 있다.
58181	그 기술자는 교육 후 자동차 <strong class="target-word">사업부</strong>로 옮길 것이다.
58182	공장 견학은 <strong class="target-word">요청</strong> 시 가능하다.
58183	Mike는 영업 이사에게 계약서 사본을 <strong class="target-word">요청했다</strong>.
58184	그 소프트웨어는 직원들이 더 <strong class="target-word">효율적으로</strong> 일하도록 돕는다.
58185	사장은 Colleen이 새 매장을 <strong class="target-word">관리할</strong> 수 있다고 결정했다.
58186	그들은 제시간에 맡겨진 업무를 <strong class="target-word">해냈다</strong>.
58187	지원자는 인사 담당자에게 이력서를 <strong class="target-word">제출해야</strong> 한다.
58188	모든 지역 지사는 워싱턴에 있는 본사에 <strong class="target-word">직접</strong> 보고한다.
58189	Williams 씨는 Johnson 씨에게 점심 회의를 <strong class="target-word">상기시켰다</strong>.
58190	매니저는 직원들에게 미리 회의 자료를 읽으라고 <strong class="target-word">지시했다</strong>.
58191	팀원들은 긴밀히 협력하여 <strong class="target-word">마감일</strong>보다 앞서 프로젝트를 끝냈다.
58192	우리는 박람회를 위해 제품 <strong class="target-word">샘플</strong>을 준비해야 한다.
58193	그 고객은 빵집 개업식에서 케이크를 <strong class="target-word">시식했다</strong>.
58194	휴가를 신청하는 모든 직원은 서면으로 상사에게 <strong class="target-word">알려야</strong> 한다.
58195	모든 방문객은 공장에 들어가기 전에 안전 점검을 <strong class="target-word">수행해야</strong> 한다.
58196	영업팀은 목표를 초과 달성한 것에 대해 보너스를 받을 <strong class="target-word">자격이 있다</strong>.
58197	매니저는 팀에게 어려운 <strong class="target-word">업무</strong>를 맡겼다.
58198	<strong class="target-word">전체</strong> 직원이 회의에 참석했다.
58199	그 회사는 다음 달에 신제품 라인을 <strong class="target-word">출시할</strong> 것이다.
58200	보도 <strong class="target-word">자료</strong>가 모든 주요 언론사에 발송되었다.
58201	매니저는 프로젝트 마감일 <strong class="target-word">연장</strong>을 승인했다.
58202	질문이 있으시면 <strong class="target-word">내선</strong> 402번으로 전화해 주세요.
58203	지원서를 <strong class="target-word">전자적으로</strong> 제출할 수 있습니다.
58204	워크숍 <strong class="target-word">참석</strong>은 모든 신입 직원에게 필수이다.
58205	오늘 보고서를 끝내는 것이 <strong class="target-word">반드시</strong> 필요하다.
58206	유능한 매니저는 책임을 <strong class="target-word">위임하는</strong> 방법을 안다.
58207	여러 국가에서 온 <strong class="target-word">대표들</strong>이 회의에 참석했다.
58208	학생들은 선생님의 지시를 <strong class="target-word">주의 깊게</strong> 들었다.
58209	철저한 <strong class="target-word">감독</strong>은 높은 품질을 보장한다.
58210	Kim 씨는 금요일 <strong class="target-word">워크숍</strong>에서 발표해 달라는 요청을 받았다.
58211	그 회사의 연례 콘퍼런스는 보통 전 세계에서 800명의 직원을 <strong class="target-word">끌어모은다</strong>.
58212	팀장은 제안서를 <strong class="target-word">수정</strong>할 것이다.
58213	Danvers 씨는 <strong class="target-word">마지못해</strong> 광고 예산 삭감에 동의했다.
58214	그 교육 프로그램은 신입 직원들에게 회사 절차를 <strong class="target-word">익히게 한다</strong>.
58215	비서는 이사에게 메시지를 긴급히 <strong class="target-word">전달했다</strong>.
58216	디스크 오류가 없는지 정기적으로 컴퓨터를 <strong class="target-word">점검하세요</strong>.
58217	최신 업데이트를 <strong class="target-word">확인하려면</strong> 이 링크를 클릭하세요.
58218	회사 <strong class="target-word">본사</strong>는 런던에 위치해 있다.
58219	오래된 회계 서류는 창고에 <strong class="target-word">보관되어</strong> 있다.
58220	그 부서는 회의실 수해에 대한 보험금을 <strong class="target-word">청구했다</strong>.
58221	Natalie가 사무실 이전 과정을 <strong class="target-word">감독할</strong> 것이다.
58222	Mair 박사는 의사 결정 과정에 깊이 <strong class="target-word">관여했다</strong>.
58223	영업팀은 새로운 전략을 개발하는 데 <strong class="target-word">집중했다</strong>.
58224	최근 직원들은 보고서 제출에 다소 <strong class="target-word">느슨해졌다</strong>.
58225	Jones 씨는 자금 요청을 <strong class="target-word">미루다가</strong> 마감을 놓쳤다.
58226	Retail Specialists는 영업 분야에서 <strong class="target-word">합산</strong> 30년의 경력을 가진 전문가들을 고용하고 있다.
58227	목표를 <strong class="target-word">달성하기</strong> 위해서는 신중한 계획이 필수적이다.
58228	그는 경험을 쌓기 위해 <strong class="target-word">자발적으로</strong> 어려운 업무를 맡았다.
58229	그녀는 촉박한 통보에도 그 업무를 <strong class="target-word">떠맡아야</strong> 했다.
58230	경영진은 직원들이 만족하고 있다고 <strong class="target-word">가정한다</strong>.
58231	마케팅 부서가 그 프로젝트의 책임을 <strong class="target-word">맡을</strong> 것이다.
58232	직원들은 지치지 않도록 <strong class="target-word">가끔씩</strong> 휴식을 취해야 한다.
58233	앤더슨 씨 밑에서 일하는 <strong class="target-word">직원</strong>은 세 명뿐이다.
58234	한 직원이 회의 준비를 <strong class="target-word">도왔다</strong>.
58235	모두가 초과근무 정책 변경에 <strong class="target-word">만족한</strong> 것은 아니었다.
58236	션은 상사가 지시를 내리는 <strong class="target-word">방식</strong>에 짜증이 났다.
58237	기업은 고객 만족을 보장할 <strong class="target-word">책임</strong>이 있다.
58238	IJMR사의 기술 부서가 그 연구를 <strong class="target-word">수행할</strong> 것이다.
58239	직원들은 새로운 이메일 시스템에 빠르게 <strong class="target-word">적응했다</strong>.
58240	우리는 믿을 만한 임시 <strong class="target-word">인력</strong>을 찾기 위해 종종 대행사를 이용한다.
58241	팀은 고문의 권고안에 <strong class="target-word">동의했다</strong>.
58242	윌슨 씨는 B구역 직원들을 <strong class="target-word">감독한다</strong>.
58243	가까운 곳에 사는 <strong class="target-word">동료들</strong>은 종종 함께 출근한다.
58244	접수 담당자는 신입 직원들을 오리엔테이션이 열리는 강당으로 <strong class="target-word">안내한다</strong>.
58245	내부 문서는 <strong class="target-word">기밀로</strong> 유지되어야 한다.
58246	사무실 관리자는 신입 사원들에게 책상을 <strong class="target-word">배정했다</strong>.
58247	셰퍼드사는 목재 가구 업계의 <strong class="target-word">선도적인</strong> 수출업체이다.
58248	시상식에서는 <strong class="target-word">격식 있는</strong> 비즈니스 복장이 요구된다.
58249	부사장은 스캔들로 인해 자리에서 <strong class="target-word">해임되었다</strong>.
58250	저자는 책을 쓰기 위해 전 세계의 경영 아이디어를 <strong class="target-word">수집했다</strong>.
58251	시카고 사무실이 기획 과정을 <strong class="target-word">조율했다</strong>.
58252	그녀는 근무 시간에 <strong class="target-word">거의</strong> 늦은 적이 없었다.
58253	코플랜드는 로비에 걸 <strong class="target-word">추상화</strong>에 수천 달러를 썼다.
58254	충성심 같은 이상은 <strong class="target-word">추상적으로</strong> 느껴질 수 있어, 직원들에게는 구체적인 예시가 필요하다.
58255	회사 <strong class="target-word">안내판</strong>에는 마케팅 부서의 위치가 나와 있다.
58256	모든 직원은 자신에게 배정된 업무에 대해 <strong class="target-word">책임을 진다</strong>.
58257	브렌다는 보고서를 한 페이지에 맞도록 <strong class="target-word">능숙하게</strong> 편집했다.
58258	특별 출입증을 가진 대표단은 시설 견학에 <strong class="target-word">독점적인</strong> 접근 권한을 가진다.
58259	그녀는 회의에 참석할 <strong class="target-word">의도</strong>가 충분히 있었지만 그러지 못했다.
58260	전산화는 기업이 사업을 운영하는 방식을 <strong class="target-word">변화시켰다</strong>.
58261	판매 직원들은 모든 고객에게 <strong class="target-word">정중하게</strong> 대하라는 안내를 받는다.
58262	각 계약서의 <strong class="target-word">사본</strong>이 회사 기록에 보관된다.
58263	테크월드는 이와 <strong class="target-word">반대되는</strong> 주장에도 불구하고 재정적 어려움에 처해 있다.
58264	주주들은 CEO의 무능함에 대한 보고를 <strong class="target-word">불안하게</strong> 여겼다.
58265	각 직원은 최소 두 개의 프로젝트에 <strong class="target-word">참여하고</strong> 있었다.
58266	직원 회식은 더 나은 업무 관계를 <strong class="target-word">도모하는</strong> 데 도움이 되었다.
58267	관리자는 직원들 간의 의견 충돌에서 완전한 <strong class="target-word">중립성</strong>을 보여야 한다.
58268	벤 헐리는 <strong class="target-word">널리</strong> 존경받는 비즈니스 리더이다.
58269	회사 마케팅의 대부분은 계약업체를 통해 <strong class="target-word">외부적으로</strong> 처리된다.
58270	<strong class="target-word">정교한</strong> 감시 시스템이 설치되었다.
58271	그 실내 장식가는 예술에 대해 <strong class="target-word">세련된</strong> 취향을 보여주었다.
58272	그 보고서는 <strong class="target-word">시기적절한</strong> 방식으로 완료되었다.
58273	우리는 발표를 제시간에 준비할 수 있다고 <strong class="target-word">현실적으로</strong> 기대할 수 없다.
58274	모든 문의에 <strong class="target-word">신속히</strong> 응답하는 것이 회사 방침이다.
58275	기차는 오후 4시 <strong class="target-word">정각에</strong> 출발할 것이다.
58276	18층은 임원진만 <strong class="target-word">접근할</strong> 수 있다.
58277	매뉴얼을 모든 직원이 <strong class="target-word">이용할 수 있도록</strong> 해 주세요.
58278	이사회는 혁신적인 마케팅 캠페인을 <strong class="target-word">시행하기로</strong> 투표했다.
58279	동료들의 <strong class="target-word">피드백</strong>은 큰 도움이 될 수 있다.
58280	이사는 <strong class="target-word">뛰어난</strong> 사업 계획을 발표했다.
58281	<strong class="target-word">미지급</strong> 부채를 청산함으로써, Cottonvale은 신제품 개발 자금을 조달할 수 있었다.
58282	회의가 취소되었다고 이사에게 <strong class="target-word">알려</strong> 주세요.
58283	고장 난 이 노트북의 <strong class="target-word">대체품</strong>이 필요하다.
58284	인사부는 Winters 씨의 <strong class="target-word">후임자</strong>를 찾고 있다.
58285	Dane 씨는 총회에 관한 <strong class="target-word">공지</strong>를 게시했다.
58286	급여 관련 문제는 재무 <strong class="target-word">부서</strong>에 보고하세요.
58287	컴퓨터 파일이 <strong class="target-word">영구적으로</strong> 삭제되어 복구할 수 없다.
58288	최종 제품 디자인은 계약 조건을 <strong class="target-word">충족했다</strong>.
58289	주요 내용을 <strong class="target-word">개요</strong>로 정리하는 것부터 보고서 작성을 시작하세요.
58290	영업사원은 진공청소기의 특징을 <strong class="target-word">간략히 설명했다</strong>.
58291	매니저는 부서의 모든 사람에게 새 규정을 <strong class="target-word">설명했다</strong>.
58292	서류함에는 모든 청구서 사본이 <strong class="target-word">들어 있다</strong>.
58293	비서는 태블릿 컴퓨터 제조사 목록을 <strong class="target-word">작성했다</strong>.
58294	Atkins 씨는 모든 연말 보고서를 <strong class="target-word">취합하여</strong> Woo 씨에게 제출할 것이다.
58295	일부 직원들은 회사 폐업 <strong class="target-word">이후에</strong> 퇴직금을 받았다.
58296	Scott는 발표 전에 주제에 대한 <strong class="target-word">개요</strong>를 설명했다.
58297	그 도시에는 수많은 인터넷 및 케이블 <strong class="target-word">제공업체</strong>가 있다.
58298	개인적인 <strong class="target-word">일</strong>은 사무실 밖에서 처리해 주세요.
58299	이런 종류의 프로젝트는 회사의 <strong class="target-word">전문 분야</strong>를 벗어난다.
58300	매출 수치는 광고 캠페인이 성공적이었음을 <strong class="target-word">보여준다</strong>.
58301	저희 담당자가 기기 사용법을 <strong class="target-word">시연할</strong> 것입니다.
58302	감사는 이번 달 <strong class="target-word">나머지</strong> 기간 동안 계속될 것이다.
58303	끈기는 사업 성공에 <strong class="target-word">필수적이다</strong>.
58304	필수 초과 근무는 직원들에게 균등하게 <strong class="target-word">분배될</strong> 것이다.
58305	출판계의 <strong class="target-word">주요</strong> 인물인 Yarrow 씨는 영향력이 매우 크다.
58306	새 매니저는 생산성에 <strong class="target-word">큰</strong> 영향을 미쳤다.
58307	정부 관계자들은 공장의 안전 지침 <strong class="target-word">준수</strong> 여부를 점검할 것이다.
58308	공지는 휴가 정책 변경의 일부 세부 사항을 <strong class="target-word">명확히 했다</strong>.
58309	기업들은 외국 기업과의 경쟁이라는 과제에 <strong class="target-word">직면해</strong> 있다.
58310	엘리베이터는 건물 로비를 <strong class="target-word">마주하고 있다</strong>.
58311	손님들은 가이드를 <strong class="target-word">따라</strong> 전시관으로 들어갔다.
58312	Bill은 회의에서의 대화를 주의 깊게 <strong class="target-word">따라갔다</strong>.
58313	매니저는 직원들이 자신의 이야기를 <strong class="target-word">따라오지</strong> 못하고 있다는 것을 깨달았다.
58314	문제의 모든 <strong class="target-word">측면</strong>을 고려해야 한다.
58315	<strong class="target-word">보아하니</strong> Jones 씨는 이번 회의에 초대받지 못한 것 같다.
58316	근로자들은 안전 절차를 <strong class="target-word">알고 있어야</strong> 한다.
58317	회계 부서는 매월 첫째 주에 <strong class="target-word">연장</strong> 근무를 한다.
58318	Alison은 <strong class="target-word">실수로</strong> 재무제표에 몇 가지 오류를 냈다.
58319	컴퓨터 장비를 정기적으로 업데이트하는 것이 <strong class="target-word">바람직하다</strong>.
58320	경영진은 보안에 대해 <strong class="target-word">우려하고 있다</strong>.
58321	이 보고서는 주로 현재 투자와 <strong class="target-word">관련이 있다</strong>.
58322	Brooke 씨는 고객들에게 새로운 사업에 대해 <strong class="target-word">이야기했다</strong>.
58323	등산객들은 언덕 중턱의 벤치에서 <strong class="target-word">쉴</strong> 수 있다.
58324	관광 그룹은 궁전을 방문하기 전에 <strong class="target-word">휴식</strong>을 취했다.
58325	갤러리는 도시 풍경 사진 <strong class="target-word">전시회</strong>를 열었다.
58326	많은 <strong class="target-word">유명인사</strong>들이 그 도시의 여름 공원 축제에 참석했다.
58327	Finnegan's 카페는 매주 토요일 <strong class="target-word">라이브</strong> 음악 공연을 개최한다.
58328	연주자들은 재즈 선율을 <strong class="target-word">즉흥으로 연주했다</strong>.
58329	브로드웨이 뮤지컬은 <strong class="target-word">인기</strong>가 많아서 자주 투어를 다닌다.
58330	도서관은 어린이 책 <strong class="target-word">기부</strong>를 받고 있다.
58331	세인트존스 대학교 <strong class="target-word">동문</strong>들이 졸업식에 초대받았다.
58332	문 앞에서 유효한 티켓을 <strong class="target-word">제시해</strong> 주세요.
58333	리조트의 <strong class="target-word">현재</strong> 소유주는 리모델링을 계획하고 있다.
58334	유명 운동선수 Matt London이 경기장에 <strong class="target-word">참석했다</strong>.
58335	전시회를 관람하려는 사람들은 추가 <strong class="target-word">입장료</strong>를 내야 한다.
58336	그 호텔은 대규모 결혼 <strong class="target-word">연회</strong>를 위한 시설을 갖추고 있다.
58337	그 부부는 결혼 50주년 <strong class="target-word">기념일</strong>을 파티로 축하했다.
58338	호텔 수영장을 이용할 때는 적절한 수영복 착용이 <strong class="target-word">필수적이다</strong>.
58339	Peggy는 가족을 설득해 하와이에 가기로 하는 데 <strong class="target-word">성공했다</strong>.
58340	Chambers 씨는 Shipman 씨의 은퇴 후 관광위원회장 자리를 <strong class="target-word">이어받을</strong> 것이다.
58341	그 박물관은 독특한 우표 <strong class="target-word">수집품</strong>을 보유하고 있다.
58342	통행료 <strong class="target-word">징수</strong>는 전자 시스템으로 이루어진다.
58343	경매는 인기 있는 <strong class="target-word">모금</strong> 방식이다.
58344	연극은 짧은 휴식 후 <strong class="target-word">재개될</strong> 것이다.
58345	Jack의 케이크 레시피는 Baker Monthly 4월 <strong class="target-word">호</strong>에 실렸다.
58346	지구 온난화라는 <strong class="target-word">문제</strong>에 대해 다양한 견해가 있다.
58347	Weekly Herald를 <strong class="target-word">구독</strong>하고 싶습니다.
58348	그 소설가는 사인회를 하러 서점에 <strong class="target-word">나타났다</strong>.
58349	Mary는 할머니를 쇼핑몰에 <strong class="target-word">모시고 갔다</strong>.
58350	산악 지역에서는 강풍이 종종 비를 <strong class="target-word">동반하니</strong> 주의해야 한다.
58351	그 경제학 책의 개정<strong class="target-word">판</strong>이 곧 출간될 것이다.
58352	패키지 이용약관에는 투숙객이 호텔에 묵는다고 <strong class="target-word">구체적으로</strong> 명시되어 있었다.
58353	호수 주변 캠핑장은 가볼 만한데, <strong class="target-word">특히</strong> Milligan 캠핑장이 그렇다.
58354	그 자선단체는 <strong class="target-word">익명</strong>의 기부자로부터 6,000달러를 받았다.
58355	그 매장은 우수한 고객 서비스를 제공하는 데 <strong class="target-word">전념하고 있다</strong>.
58356	그 다큐멘터리는 <strong class="target-word">유익하고</strong> 흥미로웠다.
58357	<strong class="target-word">관객</strong>들은 가수에게 열렬히 박수를 보냈다.
58358	그 <strong class="target-word">작가</strong>의 단편소설은 모두 인기가 많다.
58359	건축물의 정교한 세부 사항을 <strong class="target-word">주목해</strong> 주세요.
58360	<strong class="target-word">골동품</strong>은 집 꾸미기에 인기가 많다.
58361	그 작가는 여러 편의 <strong class="target-word">원고</strong>를 작업하고 있다.
58362	그 단체의 활동은 지역사회에 <strong class="target-word">유익하다</strong>.
58363	기자는 <strong class="target-word">다가오는</strong> 선거의 후보자와 인터뷰했다.
58364	도서관은 다양한 시청각 자료를 <strong class="target-word">대여해 준다</strong>.
58365	잡지의 <strong class="target-word">현재</strong> 구독자는 무료 부록을 받게 된다.
58366	그 대회는 <strong class="target-word">지역</strong> 고등학교에서 열릴 것이다.
58367	그 신문 가판대는 <strong class="target-word">다양한</strong> 잡지와 신문을 판매한다.
58368	그 전문 커피숍은 스무 가지가 넘는 <strong class="target-word">종류</strong>의 커피를 판매한다.
58369	그 작가는 공교육의 <strong class="target-word">옹호자</strong>이다.
58370	그 의사는 의학 저널의 정기 <strong class="target-word">기고자</strong>이다.
58371	그 다큐멘터리 시리즈는 건강에 대한 통념을 <strong class="target-word">거스른다</strong>.
58372	그 연극은 어떠한 설명도 <strong class="target-word">거부했다</strong>.
58373	<strong class="target-word">매혹적인</strong> 미술품들이 많이 전시되어 있었다.
58374	우리는 Rita Garner 영화의 첫 <strong class="target-word">상영</strong>에 참석했다.
58375	이 작가의 작품이 또 한 번 <strong class="target-word">전시</strong>될 예정이다.
58376	고객 <strong class="target-word">설문조사</strong>는 제품 품질 개선에 도움이 된다.
58377	최신 시장 <strong class="target-word">분석</strong>에 따르면 중고차 구매가 증가했다.
58378	설문조사 <strong class="target-word">응답자</strong> 대부분이 그 제품을 높이 평가했다.
58379	파나트로닉은 디지털 녹음기 제조에서 사실상 <strong class="target-word">독점</strong>을 하고 있다.
58380	게임 소프트웨어 시장에서 <strong class="target-word">경쟁</strong>이 심화되었다.
58381	그 공장은 <strong class="target-word">꾸준히</strong> 최고 등급의 제품을 제공해 왔다.
58382	그 회사는 모바일 기기에 대한 증가한 <strong class="target-word">수요</strong>를 충족시키지 못했다.
58383	호크스비 씨는 그 조항을 삭제할 것을 <strong class="target-word">요구했다</strong>.
58384	선 매뉴팩처링은 제품 품질을 보장하기 위해 <strong class="target-word">최선을 다한다</strong>.
58385	브라헤 옵틱스는 마케팅 및 영업 부서를 <strong class="target-word">확장했다</strong>.
58386	요즘 휴대전화는 10년 전 것들에 비해 매우 <strong class="target-word">발전되어</strong> 있다.
58387	그 회사는 이미 제품 설계에서 <strong class="target-word">진전된</strong> 단계에 있다.
58388	주최 측은 악천후로 인해 경영 전략 회의를 <strong class="target-word">연기했다</strong>.
58389	몇몇 투자자들은 <strong class="target-word">추가</strong> 주식을 매입하기로 결정했다.
58390	벤슨 사는 귀하의 지속적인 거래에 <strong class="target-word">감사드립니다</strong>.
58391	그 상사는 글로리아의 뛰어난 조직력을 <strong class="target-word">높이 평가했다</strong>.
58392	갤러리는 걸작들을 <strong class="target-word">감상하는</strong> 사람들로 가득했다.
58393	판매원은 복사기 사용법에 대한 <strong class="target-word">시연</strong>을 제공하겠다고 했다.
58394	짧은 소프트웨어 <strong class="target-word">시연</strong>은 그 사업체가 얼마나 많은 돈을 절약할 수 있는지 보여주었다.
58395	구매부는 모든 사무 장비를 <strong class="target-word">구입한다</strong>.
58396	연구개발팀은 해외 시장의 식품 소비 동향을 <strong class="target-word">조사할</strong> 것이다.
58397	<strong class="target-word">효과적인</strong> 광고 캠페인은 사람들이 오랫동안 기억하는 캠페인이다.
58398	늘어난 세금 공제는 6월 1일부로 <strong class="target-word">발효된다</strong>.
58399	소비자들은 고급스러워 보이지만 값은 저렴한 제품을 <strong class="target-word">좋아한다</strong>.
58400	대형 차량 제조업체들은 판매에 있어 <strong class="target-word">특히</strong> 어려운 한 해를 맞고 있다.
58401	마케팅 부서들은 최신 트렌드를 <strong class="target-word">면밀히</strong> 모니터링한다.
58402	비서는 컨벤션에 참석하는 모든 사람을 위해 호텔 객실을 <strong class="target-word">예약할</strong> 것이다.
58403	연회 비용을 지불하기 위해 일부 자금이 <strong class="target-word">따로 마련되었다</strong>.
58404	두 회사는 새 봄 컬렉션의 홍보 캠페인 개발에 <strong class="target-word">협력했다</strong>.
58405	그 설문조사는 목표 시장을 파악하는 데 <strong class="target-word">매우</strong> 효과적이었다.
58406	바클리 사는 3년 <strong class="target-word">연속</strong>으로 높은 매출 성장을 달성했다.
58407	비용이 절감될 것이라는 것이 <strong class="target-word">예상</strong>이다.
58408	새 규정은 정부 웹사이트에 <strong class="target-word">공지된다</strong>.
58409	그 병원은 더 많은 환자를 유치하기 위해 새로 지은 병동을 <strong class="target-word">홍보했다</strong>.
58410	우리는 브랜드 인지도를 <strong class="target-word">높이기</strong> 위해 대량 우편 발송 방법을 사용했다.
58411	사장은 신제품의 품질에 대한 의문을 <strong class="target-word">제기했다</strong>.
58412	인터넷 서비스 제공업체들은 오늘날 <strong class="target-word">극도로</strong> 경쟁이 치열한 시장에서 살아남기 위해 고군분투한다.
58413	냉동식품 산업은 통조림 시장에 <strong class="target-word">영향을 미칠</strong> 수 있다.
58414	이번 분기 매출은 정확히 <strong class="target-word">목표</strong>대로다.
58415	그 광고는 25세에서 40세 연령대를 <strong class="target-word">겨냥한다</strong>.
58416	시장의 선거 <strong class="target-word">캠페인</strong>은 그의 뛰어난 재임 실적에 초점을 맞췄다.
58417	매출 부진의 <strong class="target-word">유력한</strong> 원인 중 하나는 홍보 부족이었다.
58418	경영진은 사업 확장에 자원을 <strong class="target-word">집중하기로</strong> 결정했다.
58419	사탕수수 산업은 <strong class="target-word">계절적</strong> 변동에 취약하다.
58420	가격 변동은 시장에 큰 <strong class="target-word">영향</strong>을 미쳤다.
58421	온라인 광고는 텔레비전과 <strong class="target-word">비교하면</strong> 더 저렴하다.
58422	수출과 수입 사이에 큰 <strong class="target-word">격차</strong>가 있으면 심각한 적자가 발생할 수 있다.
58423	생산성을 높이라는 경영진의 압박이 <strong class="target-word">점점 커지고</strong> 있다.
58424	줄어드는 수익은 회사의 현재 상태를 <strong class="target-word">반영한다</strong>.
58425	<strong class="target-word">회의</strong>는 일정 충돌로 인해 연기되었다.
58426	매출은 새 <strong class="target-word">광고</strong>에 힘입어 증가했다.
58427	고객들은 새 태블릿 컴퓨터에 <strong class="target-word">미미한</strong> 관심만 보였다.
58428	관리부서는 회사 부지의 <strong class="target-word">외곽</strong> 지역을 꾸몄다.
58429	전화상담원은 <strong class="target-word">고객</strong>의 요구를 최우선으로 삼아야 한다.
58430	주택 수요는 집값에 직접적으로 <strong class="target-word">영향을 미친다</strong>.
58431	제품 후기는 판매에 지대한 <strong class="target-word">영향</strong>을 미친다.
58432	브랜드 로고는 <strong class="target-word">즉시</strong> 알아볼 수 있어야 한다.
58433	보몬트 씨는 <strong class="target-word">창의적인</strong> 아이디어를 냈다.
58434	최고의 영업사원들은 <strong class="target-word">적극적으로</strong> 잠재 고객을 찾아 나선다.
58435	스포트 어패럴은 10대를 <strong class="target-word">겨냥한</strong> 운동복을 개발했다.
58436	부서장은 마케팅 전략의 <strong class="target-word">목표</strong>를 설명할 것이다.
58437	경영진의 확장 <strong class="target-word">전략</strong>은 성공적이었다.
58438	연구에 따르면 소비자들은 매력적으로 포장된 제품을 선호하는 것으로 <strong class="target-word">나타난다</strong>.
58439	그 자동차 제조사는 젊은 구매자들을 <strong class="target-word">끌어들이기</strong> 위해 노력하고 있다.
58440	초대받은 손님들은 모두 매장 개점 행사에서 즐거운 <strong class="target-word">경험</strong>을 했다.
58441	고객들은 한정된 기간 동안 새 서비스를 무료로 <strong class="target-word">체험</strong>할 수 있다.
58442	연구원들은 설문 데이터를 <strong class="target-word">분석</strong>해 달라는 요청을 받았다.
58443	일렉트로라이프는 새로운 진공청소기 제품군을 <strong class="target-word">출시했다</strong>.
58444	코번 법률사무소는 지적재산권 문제에 대해 고객들에게 <strong class="target-word">자문한다</strong>.
58445	월간 패션 잡지를 <strong class="target-word">구독하는</strong> 데는 연 40달러밖에 들지 않는다.
58446	경쟁의 <strong class="target-word">부재</strong>는 제품 판매에 도움이 될 것이다.
58447	직원들은 <strong class="target-word">결근</strong>에 관한 새 정책을 엄격히 준수해야 한다.
58448	직접 설문조사는 소비자 의견을 수집하는 한 가지 <strong class="target-word">수단</strong>이다.
58449	고객들은 다른 어떤 경쟁 브랜드보다 러스터 샴푸를 <strong class="target-word">선호한다</strong>.
58450	소비자 테스트의 한 가지 <strong class="target-word">장점</strong>은 마케팅 통찰력을 얻는다는 것이다.
58451	우리 회사의 연구 프로그램은 상당히 <strong class="target-word">진전</strong>되었다.
58452	이메일을 회계 담당자에게 <strong class="target-word">전달해</strong> 주세요.
58453	광고 메시지는 <strong class="target-word">동시대의</strong> 태도를 반영하기 위해 시간에 따라 변한다.
58454	그 패션 브랜드의 <strong class="target-word">현대적인</strong> 스타일은 젊은 소비자들에게 어필한다.
58455	제품을 어떻게 홍보할지 정하기 위한 <strong class="target-word">논의</strong>가 열렸다.
58456	<strong class="target-word">초기</strong> 조사 결과에 따르면 고객들은 서비스에 만족하고 있다.
58457	론은 자신의 사업 아이디어에 대한 투자자들의 질문에 <strong class="target-word">꾸준히</strong> 답변했다.
58458	시간이 지나면서 제품 판매가 <strong class="target-word">꾸준히</strong> 증가했다.
58459	생산량 증가가 <strong class="target-word">반드시</strong> 더 큰 수익으로 이어지는 것은 아니다.
58460	새 얼굴 크림은 흔한 피부 문제의 90퍼센트를 <strong class="target-word">해결할</strong> 것을 약속한다.
58461	두 모델 사이의 실제 차이를 <strong class="target-word">알아챈</strong> 사람은 소수에 불과했다.
58462	그 영화사는 더 많은 관객을 끌어들이기 위해 홍보 활동을 <strong class="target-word">강화했다</strong>.
58463	그 제품 시연은 소비자들에게 <strong class="target-word">호의적으로</strong> 받아들여졌다.
58464	수익은 계속 <strong class="target-word">순조롭게</strong> 성장하고 있다.
58465	임대 보증금은 장비 손상 수리 비용을 <strong class="target-word">충당한다</strong>.
58466	그 회사의 예산은 1년치 마케팅 비용을 <strong class="target-word">충당하기</strong>에 충분하다.
58467	그 차는 출시 행사에서 공개되기 전 천으로 <strong class="target-word">덮여</strong> 있었다.
58468	보험사 간 <strong class="target-word">더 적은</strong> 경쟁이 보험료 인상으로 이어졌다.
58469	등록된 고객의 <strong class="target-word">대다수</strong>가 정기적으로 회비를 납부한다.
58470	특정 마케팅 전략을 <strong class="target-word">채택하기</strong> 전에 많은 조사가 이루어져야 한다.
58471	그 자선재단에 대한 대중의 반응은 <strong class="target-word">대체로</strong> 긍정적이었다.
58472	서비스 품질을 개선하려면 회사는 고객의 의견을 <strong class="target-word">무시해서는</strong> 안 된다.
58473	새 브랜드에 대한 소비자 인지도를 넓히려는 <strong class="target-word">노력</strong>으로 TV 광고가 방영되었다.
58474	쿠폰과 같은 금전적 <strong class="target-word">유인책</strong>은 구매를 촉진할 수 있다.
58475	그 회사는 미개척 시장이 <strong class="target-word">필요</strong>하다.
58476	그 차량은 매일 통근하는 사람들의 <strong class="target-word">요구</strong>를 충족하도록 설계되었다.
58477	우리는 잠재적 오류가 있는지 각 거래를 면밀히 살펴볼 <strong class="target-word">필요가 있다</strong>.
58478	데인 씨는 혁신적인 디자인 뒤에 있는 <strong class="target-word">기획자</strong>이다.
58479	매출이 <strong class="target-word">정체되면서</strong> 올해 이익이 감소했다.
58480	금리가 <strong class="target-word">급격히</strong> 상승했다.
58481	온라인 쇼핑에서 <strong class="target-word">활발한</strong> 시장이 형성되고 있다.
58482	최근 몇 년간 유가가 <strong class="target-word">불안정했다</strong>.
58483	에너지 수요가 <strong class="target-word">빠르게</strong> 증가했다.
58484	인플레이션으로 인해 금리가 <strong class="target-word">급등했다</strong>.
58485	그 보고서는 기업 성장이 계속될 것이라고 <strong class="target-word">주장한다</strong>.
58486	부동산 산업은 경제를 <strong class="target-word">부양하는</strong> 데 도움을 주었다.
58487	<strong class="target-word">애널리스트들</strong>은 에너지 기업 주식을 매수하라고 권한다.
58488	무역 협정으로 인한 <strong class="target-word">잠재적</strong> 수익은 수십억 달러에 달할 수 있다.
58489	새로 설립된 회사는 성공할 <strong class="target-word">잠재력</strong>이 크다.
58490	투자자들은 시장의 성과에 <strong class="target-word">만족하고</strong> 있다.
58491	생활비는 향후 10년간 안정적으로 <strong class="target-word">유지될</strong> 것이다.
58492	감세안이 통과될지는 <strong class="target-word">지켜봐야</strong> 한다.
58493	그 섬나라는 천연자원이 <strong class="target-word">한정되어</strong> 있다.
58494	창업은 <strong class="target-word">비용이 많이 든다</strong>.
58495	고급품에 해당하는 <strong class="target-word">특정</strong> 제품은 수입세가 더 높다.
58496	금융 위기를 해결하려면 <strong class="target-word">과감한</strong> 조치가 필요하다.
58497	민간인들은 은행 산업의 <strong class="target-word">과감한</strong> 개혁을 원한다.
58498	경제적 부는 <strong class="target-word">고르게</strong> 분배되어 있지 않다.
58499	최근 고용 데이터는 경제가 개선되고 있다는 <strong class="target-word">증거</strong>를 보여준다.
58500	볼튼 인더스트리스는 인력을 감축해야 할 <strong class="target-word">가능성</strong>에 직면해 있다.
58501	바스케즈 씨는 회사를 성공으로 <strong class="target-word">이끄는</strong> 데 도움을 주었다.
58502	성장하는 석유 시장은 경제 개선으로 <strong class="target-word">이어질</strong> 것이다.
58503	이번 분기 실업률이 꾸준히 <strong class="target-word">하락했다</strong>.
58504	3년이라는 <strong class="target-word">기간</strong> 동안 그 회사는 급속한 확장을 겪었다.
58505	현재 경제 <strong class="target-word">지표</strong>는 광업 분야의 성장세를 보여준다.
58506	신문 <strong class="target-word">산업</strong>의 일자리가 빠르게 줄어들고 있다.
58507	신임 CEO는 큰 도전에 직면할 <strong class="target-word">가능성이 높다</strong>.
58508	부동산 개발업자들은 주택 <strong class="target-word">호황</strong>을 이용하고 있다.
58509	회사 <strong class="target-word">이사들</strong>이 새로운 사업 전략을 논의하고 있다.
58510	옥수수 시럽은 많은 식품에서 설탕의 <strong class="target-word">대체재</strong>로 사용된다.
58511	오하라 씨는 이번 주에 프로젝트 매니저를 <strong class="target-word">대신할</strong> 것이다.
58512	사업이 증가한 <strong class="target-word">결과로</strong> 이익이 늘었다.
58513	파산에 대한 우려는 <strong class="target-word">상당히</strong> 광범위하다.
58514	기업들은 에너지를 활용할 <strong class="target-word">경제적인</strong> 방법을 찾고 있다.
58515	배달 서비스 산업이 <strong class="target-word">번창하고</strong> 있다.
58516	대법원 판결은 소기업에 <strong class="target-word">영향</strong>을 미친다.
58517	소비자 지출이 <strong class="target-word">줄어들고</strong> 있다.
58518	강력한 경제 성장은 국가적 <strong class="target-word">번영</strong>의 전제 조건이다.
58519	산업 전체가 경제적 <strong class="target-word">불황</strong>을 겪고 있다.
58520	그 회사의 이익은 1990년대에 <strong class="target-word">줄어들었다</strong>.
58521	여름철 자연재해는 국가 성장을 <strong class="target-word">저해할</strong> 것이다.
58522	많은 사람들이 건강 및 기술 분야에서 <strong class="target-word">유망한</strong> 직업을 찾는다.
58523	마이크는 그가 직면한 <strong class="target-word">역경</strong>에도 불구하고 일자리를 구할 수 있었다.
58524	그 고객은 노트북 컴퓨터를 <strong class="target-word">구매했다</strong>.
58525	100달러 이상의 <strong class="target-word">구매</strong> 건마다 고객은 래플 티켓을 받는다.
58526	신형 컬러 프린터의 소비자 <strong class="target-word">가격</strong>은 단 150.99달러이다.
58527	도야마는 <strong class="target-word">저렴한</strong> 중형 세단을 출시했다.
58528	영업 사원들은 고객이 자신에게 가장 잘 맞는 스타일을 <strong class="target-word">정확히</strong> 결정하도록 돕는다.
58529	그 가게는 구매자가 가구 값을 월 <strong class="target-word">할부</strong>로 지불할 수 있게 해준다.
58530	카탈로그에 명시된 가격은 추후 <strong class="target-word">통지</strong>가 있을 때까지 유효하다.
58531	가격에는 배송 및 취급 <strong class="target-word">요금</strong>이 포함되어 있다.
58532	롱 씨는 제품 반품을 <strong class="target-word">담당</strong>하고 있다.
58533	전화 회사는 설치에 높은 요금을 <strong class="target-word">청구한다</strong>.
58534	그녀는 요금을 신용카드로 <strong class="target-word">청구했다</strong>.
58535	빌은 그 매장에서 가장 <strong class="target-word">경험이 많은</strong> 판매원이다.
58536	영수증에는 물품 반품이나 교환에 대한 <strong class="target-word">안내</strong>가 나와 있다.
58537	퍼스널 쇼퍼는 고객을 위해 할인 상품을 찾는 데 <strong class="target-word">전문가</strong>이다.
58538	<strong class="target-word">전문</strong> 디자이너가 매장 배치를 만들었다.
58539	그 컴퓨터는 2년간 <strong class="target-word">보증</strong>이 적용된다.
58540	구매자는 결함이 있는 제품에 대해 전액 <strong class="target-word">환불</strong>을 받을 수 있다.
58541	그 웹사이트는 이제 수백만 명의 <strong class="target-word">구독자</strong>를 보유하고 있다.
58542	저희는 3일 이내 <strong class="target-word">배송</strong>을 보장합니다.
58543	모든 환불에는 원본 <strong class="target-word">영수증</strong>이 필요하다.
58544	설치 안내를 <strong class="target-word">주의 깊게</strong> 따라 주세요.
58545	Z마트는 회원 가입을 하는 고객에게 25달러 상품권을 <strong class="target-word">제공한다</strong>.
58546	그 슈퍼마켓은 판촉 <strong class="target-word">혜택</strong>으로 고객을 유혹한다.
58547	쇼퍼스 클럽은 회원들에게 많은 <strong class="target-word">혜택</strong>을 제공한다.
58548	NBC마트 쇼핑객들은 다양한 쿠폰과 무료 배송 서비스로 <strong class="target-word">혜택</strong>을 본다.
58549	10퍼센트 할인은 프리미엄 클럽 회원에게 <strong class="target-word">독점적으로</strong> 제공된다.
58550	장비에 대한 더 자세한 <strong class="target-word">설명</strong>을 원하시면 고객 서비스로 연락하세요.
58551	매코이스는 비슷한 매장들에 비해 <strong class="target-word">비교적</strong> 관대한 환불 정책을 가지고 있다.
58552	백화점 개장을 위한 <strong class="target-word">준비</strong>가 진행 중이다.
58553	그 쇼핑몰은 10주년 기념 프로모션에 비용을 <strong class="target-word">아끼지</strong> 않았다.
58554	고객은 서비스 카운터에서 <strong class="target-word">여분의</strong> 부품을 주문할 수 있다.
58555	이 <strong class="target-word">지역</strong>에는 훌륭한 소매점들이 있다.
58556	보통 3월에 겨울 옷 <strong class="target-word">재고 정리</strong> 세일이 있다.
58557	그 점원은 신발을 할인할 수 있는 특별 <strong class="target-word">승인</strong>을 받았다.
58558	그 고객은 바지 길이를 <strong class="target-word">수선해</strong> 달라고 요청했다.
58559	계산원은 모든 상품에 할인을 <strong class="target-word">적용했다</strong>.
58560	그 직책에 <strong class="target-word">지원하고자</strong> 하는 사람은 우리 상품에 익숙해야 한다.
58561	그 부부와 딜러는 차량에 대해 <strong class="target-word">서로</strong> 합의할 수 있는 가격에 도달했다.
58562	최근 몇 년간 체크카드는 인기 있는 결제 <strong class="target-word">방법</strong>이 되었다.
58563	젠슨 패션은 비즈니스 복장으로 <strong class="target-word">적합한</strong> 옷을 판매한다.
58564	효과적인 광고는 소비자에게 필요하지 않은 상품을 사고 싶다는 <strong class="target-word">욕구</strong>를 만들어낼 수 있다.
58565	많은 사람들이 최신 전자기기를 <strong class="target-word">원한다</strong>.
58566	매장 상품권은 어느 지점에서나 <strong class="target-word">교환 가능하다</strong>.
58567	그 온라인 매장은 다음 달에 <strong class="target-word">공식적으로</strong> 개장할 것이다.
58568	홈시어터 같은 고급 제품의 <strong class="target-word">소비</strong>가 최근 증가했다.
58569	고객이 신용카드 <strong class="target-word">자격</strong>을 얻으려면 정기적인 소득이 필요하다.
58570	그 제조업체의 의류는 오직 천연 <strong class="target-word">원단</strong>으로만 만들어진다.
58571	여러 골동품이 <strong class="target-word">경매</strong>에서 판매될 것이다.
58572	시내에 새로 생긴 그 레스토랑은 <strong class="target-word">정통</strong> 스페인 요리를 제공한다.
58573	<strong class="target-word">유효한</strong> 영수증을 제시해야 한다.
58574	주간 시장이 열리는 동안 거리는 <strong class="target-word">노점상</strong>들로 가득 찬다.
58575	소프트웨어 <strong class="target-word">판매업체</strong>들은 특정 소매가로 제품을 판매하도록 지시받았다.
58576	그 회사는 GPS 기술 개발에 관한 <strong class="target-word">연구</strong> 프로그램을 시작했다.
58577	그 회사는 더 효율적인 네트워크 시스템을 <strong class="target-word">고안했다</strong>.
58578	그 자동차의 <strong class="target-word">획기적인</strong> 새 엔진은 경쟁사들을 능가한다.
58579	Simpson & Associates는 고객들에게 <strong class="target-word">혁신적인</strong> 솔루션을 제공한다.
58580	최신 건조기에는 새로운 <strong class="target-word">기능</strong>이 여러 개 탑재되어 있다.
58581	이 냉장고 모델은 높은 에너지 효율이 <strong class="target-word">특징이다</strong>.
58582	그 신인 패션 디자이너는 전통 의상에서 <strong class="target-word">영감</strong>을 얻는다.
58583	그 용기들은 파손을 견딜 만큼 <strong class="target-word">충분히</strong> 튼튼하다.
58584	변호사들은 <strong class="target-word">특허</strong> 출원 서류를 제출했다.
58585	경영진은 자사의 최신 제품이 전국 매장에서 판매되는 모습을 <strong class="target-word">그리고 있다</strong>.
58586	밝기 조절 스위치가 램프 뒤쪽에서 <strong class="target-word">뻗어 나온다</strong>.
58587	관리자는 디자인 마감일을 한 달 <strong class="target-word">연장했다</strong>.
58588	CEO는 훌륭한 성과를 낸 연구팀에게 감사를 <strong class="target-word">전했다</strong>.
58589	그 소프트웨어는 수개월간의 연구 <strong class="target-word">끝</strong>에 출시되었다.
58590	제품 브로슈어는 <strong class="target-word">다음</strong> 언어들로 이용 가능하다.
58591	Beauford Incorporated는 이번 가을에 새 가전제품을 출시할 <strong class="target-word">계획이다</strong>.
58592	발명가는 자신의 믹서가 제빵용으로 쓰이기를 <strong class="target-word">의도했다</strong>.
58593	휴대용 컴퓨터에 대한 특허는 4월 27일에 <strong class="target-word">승인되었다</strong>.
58594	연구팀은 최대 4,000달러의 정부 <strong class="target-word">보조금</strong>을 받게 된다.
58595	그 프로그램의 새 기능은 사용자가 고급 검색을 할 수 있게 <strong class="target-word">해준다</strong>.
58596	수석 연구원은 안전을 위해 매일 실험실의 모든 장비와 화학물질을 <strong class="target-word">점검한다</strong>.
58597	다양한 인센티브는 직원 생산성을 <strong class="target-word">향상시킬</strong> 수 있다.
58598	기술은 국가 경제에서 <strong class="target-word">점점 더</strong> 중요한 요소가 되고 있다.
58599	Lamont Manufacturing은 생산 라인 개선에 수백만 달러를 <strong class="target-word">투자했다</strong>.
58600	이 자동차에는 구형 모델에 없는 <strong class="target-word">다양한</strong> 기능이 있다.
58601	우수 고객은 무료 컴퓨터 <strong class="target-word">업그레이드</strong> 1회 대상이다.
58602	Gina는 방금 휴대폰 소프트웨어를 <strong class="target-word">업그레이드했다</strong>.
58603	Rachel은 새 에어컨의 제품 <strong class="target-word">설명서</strong>를 작성하고 있다.
58604	회사 정보를 찾는 고객은 저희 웹사이트를 <strong class="target-word">둘러볼</strong> 수 있다.
58605	새 전자레인지를 테스트하는 사람들은 몇 가지 질문에 서면 <strong class="target-word">답변</strong>을 제출해야 한다.
58606	디자인팀은 제품의 <strong class="target-word">외관</strong>을 완전히 현대적으로 바꾸었다.
58607	그 플로어 램프는 그 회사에서 가장 <strong class="target-word">성공적인</strong> 제품이다.
58608	그 세탁기는 세탁물을 최대 3킬로그램까지 <strong class="target-word">담을</strong> 수 있다.
58609	제품 개발팀은 컴퓨터 기술의 <strong class="target-word">발전</strong>을 연구한다.
58610	테스트 결과 Branco의 제품은 <strong class="target-word">신뢰할 수 있고</strong> 효율적인 것으로 나타났다.
58611	그 회사의 관리 시스템은 어느 한 사람에게 <strong class="target-word">의존하지</strong> 않는다.
58612	<strong class="target-word">품질</strong> 관리 부서는 모든 제품의 샘플을 검사한다.
58613	<strong class="target-word">국내</strong> 시장의 판매 부진으로 기업들은 해외로 진출하게 되었다.
58614	그 프로젝트는 <strong class="target-word">개발</strong>의 마지막 단계에 있다.
58615	무선 기술의 <strong class="target-word">발전</strong>은 고성능 스마트폰을 가능하게 한다.
58616	제품의 <strong class="target-word">이용 가능성</strong>은 시장 수요와 공급에 따라 달라진다.
58617	웹사이트 <strong class="target-word">업데이트</strong>에는 최신 헤어스타일링 가전제품에 대한 정보가 포함되어 있다.
58618	그 공장은 생산 속도를 높이기 위해 장비 소프트웨어를 <strong class="target-word">업데이트했다</strong>.
58619	새 회계 소프트웨어는 <strong class="target-word">정확하고</strong> 정밀하다.
58620	프로젝트 지연은 종종 홍보부서에 <strong class="target-word">복잡한</strong> 상황을 초래한다.
58621	그 <strong class="target-word">뛰어난</strong> 화학자는 유연한 배터리를 개발하기 위해 채용되었다.
58622	서비스 <strong class="target-word">문의</strong>는 저희 고객 상담원에게 전화해 주십시오.
58623	인쇄가 고르지 않은 것은 기술적 결함의 <strong class="target-word">징후</strong>이다.
58624	<strong class="target-word">제조사</strong>는 모든 제품에 대해 최대 1년간 품질을 보증한다.
58625	그 리모컨은 모든 모델과 <strong class="target-word">호환된다</strong>.
58626	그 회사의 최신 텔레비전은 현재 시장의 제품들보다 <strong class="target-word">우수하다</strong>.
58627	최신 기술은 생산 비용을 <strong class="target-word">절대적인</strong> 최소 수준으로 유지한다.
58628	신임 CEO는 회사 연구의 범위를 <strong class="target-word">넓히고</strong> 있다.
58629	이 철제 지붕은 날씨로 인한 <strong class="target-word">부식</strong>에 강하도록 설계되었다.
58630	연구원들은 일주일에 최대 이틀까지 <strong class="target-word">원격으로</strong> 근무할 수 있다.
58631	회사는 큰 상자를 화물트럭에 싣기 위해 특수 <strong class="target-word">장비</strong>를 사용한다.
58632	생산 공장은 내년까지 완전히 <strong class="target-word">자동화</strong>될 것이다.
58633	품질관리팀은 모든 제품이 제품 <strong class="target-word">사양</strong>을 충족하는지 확인한다.
58634	기계는 <strong class="target-word">제대로</strong> 작동하려면 잘 관리되어야 한다.
58635	공장 감독관들은 속도보다 <strong class="target-word">안전</strong>을 우선시한다.
58636	사고 이후 회사는 더 엄격한 안전 <strong class="target-word">예방조치</strong>를 도입했다.
58637	조립 라인은 24시간 내내 <strong class="target-word">가동된다</strong>.
58638	식품 <strong class="target-word">가공</strong>에는 청결한 환경이 필요하다.
58639	창고의 <strong class="target-word">수용 능력</strong>은 공사 후 두 배가 될 것이다.
58640	존스 씨가 자리를 비운 동안 샘이 회의에서 사장 <strong class="target-word">자격</strong>으로 대행했다.
58641	부품은 해외에서 제조되고 국내에서 <strong class="target-word">조립된다</strong>.
58642	매니저는 회의를 위해 부서 전원을 <strong class="target-word">모았다</strong>.
58643	기술자들은 공정을 개선하기 위해 컴퓨터 기술을 <strong class="target-word">활용했다</strong>.
58644	공장 감독관은 생산 작업을 대기 상태로 <strong class="target-word">두었다</strong>.
58645	사무장은 즉시 추가 자재를 <strong class="target-word">주문</strong>해야 한다.
58646	주유원이 차량 연료탱크를 기름으로 <strong class="target-word">채웠다</strong>.
58647	호텔의 침대시트 주문을 <strong class="target-word">이행하는</strong> 데 일주일이 걸릴 것이다.
58648	자동차 산업의 <strong class="target-word">제조</strong> 공정은 컴퓨터 기술 발전과 함께 변화해왔다.
58649	포장 구역은 공간을 더 효과적으로 사용하기 위해 <strong class="target-word">보수되었다</strong>.
58650	CEO의 <strong class="target-word">결정</strong>은 2월에 컴퓨터를 출시하는 것이었다.
58651	디자이너들은 내구성 때문에 그 <strong class="target-word">소재</strong>를 선택했다.
58652	그 회사의 <strong class="target-word">성공</strong>은 엄격한 품질 관리 덕분이다.
58653	경영진은 작년의 이익을 개발 증가 <strong class="target-word">덕분으로 돌렸다</strong>.
58654	컨설턴트는 에너지 <strong class="target-word">효율성</strong>을 개선하기 위한 방안을 제안했다.
58655	공장이 하루에 생산할 수 있는 상품량에는 <strong class="target-word">한계</strong>가 있다.
58656	이 장비는 회사의 생산 수요에 맞게 <strong class="target-word">맞춤화될</strong> 수 있다.
58657	매장은 불량 <strong class="target-word">부품</strong>을 제조사에 반품했다.
58658	페럼사는 모든 종류의 금속을 가공할 <strong class="target-word">능력이 있다</strong>.
58659	하이브리드 자동차는 연료를 <strong class="target-word">절약하기</strong> 때문에 인기를 얻고 있다.
58660	경영진은 사업이 부진할 때 휴가 승인에 더 <strong class="target-word">유연하다</strong>.
58661	플라스틱은 다양한 용도로 쓰이는 <strong class="target-word">유연한</strong> 소재이다.
58662	그 자동차의 품질 기준은 업계 평균과 <strong class="target-word">비슷하다</strong>.
58663	새 기계는 시간당 1,000개를 <strong class="target-word">생산한다</strong>.
58664	카메라와 태블릿 컴퓨터는 <strong class="target-word">각각</strong> 225달러와 350달러이다.
58665	새 <strong class="target-word">장치</strong>는 결함 가능성에 대해 테스트되었다.
58666	이 장치는 플라스틱 포장을 더 작게 만들기 위해 <strong class="target-word">다듬는다</strong>.
58667	팀은 현재 생산 비용에서 거의 20퍼센트를 <strong class="target-word">줄였다</strong>.
58668	컴퓨터 프로그래머들은 소프트웨어를 <strong class="target-word">출시하기</strong> 전에 기술적 결함을 수정한다.
58669	각 신발이 조금씩 다르기 때문에 쿠션 패드는 <strong class="target-word">별도로</strong> 제작된다.
58670	<strong class="target-word">유통기한</strong>은 우유팩 상단에 인쇄되어 있다.
58671	조립 라인 작업자들은 기계를 제자리로 <strong class="target-word">이동시켰다</strong>.
58672	공장 생산량은 <strong class="target-word">다가오는</strong> 해에 두 배가 될 것이다.
58673	컨베이어 벨트는 과도한 사용으로 <strong class="target-word">손상되었다</strong>.
58674	직원들은 사고를 <strong class="target-word">예방하기</strong> 위해 안전 지침을 준수해야 한다.
58675	공장은 <strong class="target-word">정전</strong>으로 인해 반나절 동안 문을 닫았다.
58676	위험한 <strong class="target-word">화학물질</strong>을 다룰 때는 보호 장비가 필요하다.
58677	직원들의 업무량을 <strong class="target-word">최소화하기</strong> 위해, 회사는 소프트웨어를 업그레이드했다.
58786	<strong class="target-word">우연히</strong> (부사)
58788	<strong class="target-word">적절히</strong> (부사)
58793	<strong class="target-word">멸종</strong> (명사)
58823	<strong class="target-word">호평을 받은</strong> (형용사)
58825	<strong class="target-word">대표</strong> (명사)
58826	<strong class="target-word">대표자</strong> (명사)
58828	<strong class="target-word">소매 상인</strong> (명사)
58982	<strong class="target-word">상당히</strong> (부사)
59026	<strong class="target-word">적극적으로</strong> (부사)
59027	<strong class="target-word">업무, 과제</strong> (명사)
59030	<strong class="target-word">계약자, 하청업체</strong> (명사)
59032	<strong class="target-word">의존하는</strong> (형용사)
59033	<strong class="target-word">의존</strong> (명사)
59037	<strong class="target-word">이행, 실행</strong> (명사)
59121	<strong class="target-word">소득, 수익</strong> (명사)
59122	'얻다'를 의미하는 <strong class="target-word">earn</strong>과 gain의 용례 차이를 구별해 두자.
59123	<strong class="target-word">earn</strong>: (금전 등을) 벌다, (명성을) 얻다
59128	<strong class="target-word">기존</strong> 설비/제품 (existing + equipment/product)
59129	<strong class="target-word">착취, (부당한) 이용</strong> (명사)
59139	식사 <strong class="target-word">선호</strong>
59159	<strong class="target-word">참여</strong> : 참가자(participant)
59235	가격을 <strong class="target-word">낮추다</strong>
59236	더 <strong class="target-word">낮은</strong> 가격
32387	<strong class="target-word">폭우</strong>로 밤새 거리가 침수되었다.
34125	양측은 <strong class="target-word">합의</strong>에 도달했다.
38384	그의 <strong class="target-word">형</strong>은 대학교에서 가르친다.
38385	그녀의 <strong class="target-word">남동생</strong>은 막 중학교에 입학했다.
38992	<strong class="target-word">한마디</strong>로 말하면 그 프로젝트는 큰 성공이었다.
39663	논쟁 후 <strong class="target-word">일종</strong>의 수치심 같은 것을 느꼈다.
44882	그녀는 동료들을 <strong class="target-word">위해</strong> 일본어를 배웠다.
45766	험악한 <strong class="target-word">얼굴</strong>을 한 장교가 방에 들어왔다.
45767	<strong class="target-word">표면</strong>이 거친 돌담은 차갑게 느껴졌다.
52988	그는 <strong class="target-word">전생</strong>에 전사였다고 믿는다.
58077	현재 그 식당에는 <strong class="target-word">일자리</strong>가 몇 개 있다.
58081	지원자들은 그 직책의 모든 필요조건을 <strong class="target-word">만족시켜야</strong> 한다.
58082	석사 학위를 갖춘 사람들은 연구직에 <strong class="target-word">자격</strong>이 있다.
58085	그 추천서들은 그의 능력에 대한 <strong class="target-word">신임</strong>을 보여 주었다.
58087	Jeff는 <strong class="target-word">전문</strong> 사진가로 알려져 있다.
58096	비서는 회의가 시작되기 전에 탁자 주변에 의자를 <strong class="target-word">두었다</strong>.
58098	그 최고 경영자는 비서의 정리 능력을 <strong class="target-word">인상 깊게</strong> 생각했다.
58100	시간제 근로자들도 유급 휴가를 받을 <strong class="target-word">자격</strong>이 있다.
58103	지원자 중 두 명은 경쟁사와 <strong class="target-word">관련되어</strong> 있었다.
58106	Carl은 동료들과 잘 지내는 능력이 <strong class="target-word">없었다</strong>.
58108	Mike는 회계 분야에서 <strong class="target-word">관리직</strong> 자리를 찾고 있다.
58110	직원들은 <strong class="target-word">익숙해지도록</strong> 안내서를 복습해야 한다.
58115	많은 사람들은 중요한 면접 전에 <strong class="target-word">걱정한다</strong>.
58117	임원들에게는 추가 혜택에 대한 <strong class="target-word">자격</strong>이 주어진다.
58124	발표를 하는 모든 직원들은 <strong class="target-word">정장</strong>을 입어야 한다.
58129	최근의 근무 시간 변경은 디자인 부서에는 <strong class="target-word">영향</strong>을 미치지 않을 것이다.
58136	회사 자료를 외부인과 공유하는 사람은 <strong class="target-word">엄격히</strong> 처벌될 것이다.
58140	새 사무실 근처에 지하철로 곧장 이어지는 <strong class="target-word">통로</strong>가 있다.
58141	상세한 직무 내용을 <strong class="target-word">보시려면</strong> 링크를 클릭하세요.
58148	방문객들은 신분증 한 <strong class="target-word">가지</strong>를 경비원에게 제시해야 한다.
58156	상여금 규정은 다음 주부터 <strong class="target-word">효력</strong>이 있을 것이다.
58157	그는 회사의 확장 계획에 갑작스러운 변화를 <strong class="target-word">가져왔다</strong>.
58159	모든 거래는 지침에 <strong class="target-word">따라</strong> 처리되어야 한다.
58170	자금 할당은 경영진에 의해 <strong class="target-word">인가되어야</strong> 한다.
58679	그 문제는 즉시 <strong class="target-word">처리될</strong> 것이다.
58681	정부는 빈민들에게 채무 구제 보조금을 <strong class="target-word">나누어</strong> 줄 것이다.
58683	서비스 직원들은 화난 손님들과 <strong class="target-word">논쟁하는</strong> 것을 피해야 한다.
58693	고객들은 온라인으로 도움을 요청할 때, 문제를 설명하는 데 있어 아주 <strong class="target-word">구체적이어야</strong> 한다.
58699	그 관리자는 Ms. Brown이 훌륭한 팀 리더가 될 것이라고 <strong class="target-word">확신한다</strong>.
58700	전등의 결함은 잘못된 배선에 의해 <strong class="target-word">야기되었다</strong>.
58706	Sharon은 그 블라우스를 어디서 샀는지 <strong class="target-word">확신하지</strong> 못했다.
58707	등록자들은 양식에 <strong class="target-word">특정</strong> 정보를 기입하도록 요구되지만, 다른 정보는 선택 사항이다.
58708	<strong class="target-word">국제선</strong> 승객들은 3번 카운터에서 탑승 수속을 한다.
58711	저희 웹사이트에는 많은 <strong class="target-word">이국적</strong> 휴양지에 대한 정보가 담겨 있습니다.
58713	그 호텔의 서비스는 <strong class="target-word">최고</strong>였다.
58717	항공사 직원들은 잃어버린 짐을 <strong class="target-word">찾으려</strong> 노력했다.
58721	공항에는 보안 직원들이 24시간 내내 <strong class="target-word">근무</strong> 중이다.
58732	<strong class="target-word">출발편</strong> 비행기들이 모니터에 기재되어 있다.
58734	공항의 관제탑 가이드 <strong class="target-word">견학</strong>이 가능하다.
58737	관광에 대한 정보는 <strong class="target-word">책자</strong>에서 찾을 수 있습니다.
58738	아래의 세관 신고서를 <strong class="target-word">작성해</strong> 주십시오.
58744	그 호텔은 쇼핑 구역과 아주 가까운 <strong class="target-word">거리</strong>에 있다.
58745	손님들은 호텔의 수영장과 스파를 <strong class="target-word">무제한</strong>으로 이용할 수 있다.
58747	호텔 예약 취소 시에는 <strong class="target-word">사전</strong> 통지가 요구된다.
58749	공항 터미널 보수 작업이 현재 <strong class="target-word">진행</strong> 중이다.
58755	자동차 배기가스는 대도시의 공기를 <strong class="target-word">오염시킨다</strong>.
58756	지방 정부는 버스 요금을 <strong class="target-word">인하하기로</strong> 결정했다.
58762	도로의 <strong class="target-word">정체</strong>로 인해 많은 지각 도착이 발생했다.
58766	대기 오염이 감소하면 모두에게 <strong class="target-word">이로울</strong> 것이다.
58768	도로가 얼었을 때 운전하는 것은 <strong class="target-word">위험하다</strong>.
58769	새로운 교통망을 <strong class="target-word">확충하려는</strong> 계획이 승인되었다.
58770	그들은 파이프의 <strong class="target-word">샘</strong>을 즉시 고쳐야 한다.
58776	변호사들은 <strong class="target-word">시골</strong> 지역의 분쟁을 해결하기 위해 자주 고용된다.
58778	그 법률 회사는 <strong class="target-word">교외</strong> 지역에 위치해 있다.
58781	분쟁은 그 지역의 <strong class="target-word">독성</strong> 폐기물 처리로 인해 발생했다.
58782	<strong class="target-word">도시</strong> 재생 프로젝트가 계약에 포함되었다.
58798	우리는 국내의 주요 전자 제품 <strong class="target-word">판매업체</strong>이다.
58799	<strong class="target-word">대량</strong>으로 물건을 구매하면 할인을 받을 것이다.
58801	직원이 <strong class="target-word">부족했기</strong> 때문에 판촉 행사는 취소되어야만 했다.
58803	그 상점은 다양하게 <strong class="target-word">엄선된</strong> 디자이너 의류를 제공한다.
58806	그 광고는 수천 명의 잠재 고객들에게 <strong class="target-word">닿았다</strong>.
58818	그 상점은 정전 때문에 주문을 처리할 수 <strong class="target-word">없었다</strong>.
58821	관리자는 새로운 종류의 제품을 <strong class="target-word">갖추어</strong> 놓기로 결정했다.
58831	가격 <strong class="target-word">견적</strong>
58832	주문 <strong class="target-word">견적</strong>
58841	신차들의 <strong class="target-word">발송</strong>이 폭풍 때문에 지연되었다.
58848	깨지기 쉬운 유리 제품을 취급할 때는 <strong class="target-word">조심하세요</strong>.
58849	퇴근하는 길에 식료품을 <strong class="target-word">찾아올</strong> 것이다.
58850	그 상점은 매우 다양한 수제 선물을 <strong class="target-word">팔고</strong> 있다.
58857	우리는 계약 조건에 대한 합의에 도달할 수 <strong class="target-word">없었다</strong>.
58860	관리자는 다가오는 시즌을 위해 새로운 종류의 제품을 <strong class="target-word">갖추어</strong> 놓기로 결정했다.
58865	그 호텔은 비즈니스 여행객들의 요구를 <strong class="target-word">만족시킨다</strong>.
58878	그 호텔은 공항까지 <strong class="target-word">무료</strong> 셔틀 서비스를 제공한다.
58894	자유의 여신상은 세계적으로 유명한 주요 <strong class="target-word">지표</strong>이다.
58895	그 호텔은 연중 높은 <strong class="target-word">투숙률</strong>을 유지한다.
58897	투숙객들에게 아침 식사가 오전 10시까지 제공된다는 것을 <strong class="target-word">상기시켜</strong> 주세요.
58907	모든 직원 기록은 <strong class="target-word">기밀</strong> 파일에 보관된다.
58938	도움을 위해 <strong class="target-word">기술</strong> 지원 팀에 연락해 주세요.
58945	회사의 <strong class="target-word">재무</strong> 상황이 상당히 개선되었다.
58946	우리는 예산의 균형을 맞추기 위해 지출을 <strong class="target-word">줄여야</strong> 한다.
58969	출장 중 <strong class="target-word">부수적인</strong> 비용들은 환급되었다.
58971	계약자는 건물에 대한 어떤 손상에 대해서도 <strong class="target-word">책임</strong>이 있다.
58972	두 모델 간의 가격 차이는 아주 <strong class="target-word">근소할</strong> 뿐이다.
58974	모든 <strong class="target-word">미납금</strong>은 이달 말까지 정산되어야 한다.
58976	새로운 마케팅 전략들이 회사를 더 <strong class="target-word">수익성</strong> 있게 만들었다.
59010	그 제품의 <strong class="target-word">상업적</strong> 성공은 우리의 모든 기대를 뛰어넘었다.
59012	그 회사는 5년 <strong class="target-word">연속</strong>으로 수익을 기록했다.
59041	위원회는 예산안을 확정하기 위해 오전 10시에 <strong class="target-word">모일</strong> 것이다.
59044	이사회는 Ms. Han을 새로운 CEO로 임명하는 <strong class="target-word">만장일치</strong> 결정을 내렸다.
58814	모든 가격은 사전 통보 없이 <strong class="target-word">변경될 수 있다</strong>.
59062	직원들이 최종 보고서를 작성하는 동안 그들의 주의를 <strong class="target-word">흩뜨리지</strong> 않도록 하십시오.
59067	지원자의 이전 마케팅 경험은 이 직책과 매우 <strong class="target-word">관련</strong>이 있다.
59071	<strong class="target-word">곧</strong> 회의를 시작할 것이니, 자리에 앉아 주십시오.
59077	금요일까지 동봉된 계약서에 서명하여 반송하는 것을 <strong class="target-word">잊지</strong> 마십시오.
59078	그 직원은 고위 경영진에게 자신의 아이디어를 발표하는 것에 대해 <strong class="target-word">초조해했다</strong>.
59081	올해의 <strong class="target-word">연례</strong> 회의는 애틀랜타에서 열렸다.
59095	시제품에 대한 긍정적인 반응은 그것을 위한 더 많은 자금 지원을 <strong class="target-word">야기했다</strong>.
59098	Ms. Warren은 최근의 급여 인상에 대해 <strong class="target-word">고마워했다</strong>.
59106	남성 육아 휴직을 늘리겠다는 계획은 여전히 <strong class="target-word">임시적일</strong> 뿐이다.
59112	Fred는 자신의 승진으로 제공받을 기회들에 <strong class="target-word">신</strong>이 났다.
59115	우리 이사님의 은퇴를 <strong class="target-word">기념하는</strong> 연회가 개최되었다.
59142	그 관리자는 영국으로 <strong class="target-word">전근되었다</strong>.
59144	주간 직원회의 출석은 <strong class="target-word">의무적이다</strong>.
59145	Eileen은 일에 있어서 매우 <strong class="target-word">유능하고</strong> 그녀의 직원들에게 매우 사랑받는다.
59148	우리는 Mr. Rowles가 사임한 후로 계속해서 새 회장을 <strong class="target-word">찾고 있다</strong>.
59149	Robert는 부장으로 승진하기에 너무 <strong class="target-word">경험</strong>이 없다.
59150	Ms. Jones는 <strong class="target-word">조기</strong> 퇴직을 선택했다.
59152	Mr. Fulton은 Greenway 은행에서 <strong class="target-word">경영직</strong>을 맡고 있다.
59173	고속도로의 교통 <strong class="target-word">체증</strong>은 오후 5시부터 7시 사이에 가장 심하다.
59192	신차에는 <strong class="target-word">자동차</strong> 수리 서비스가 무료로 제공된다.
59194	그 <strong class="target-word">공식</strong> 보고서는 최근에 자동차 사고가 증가하고 있음을 나타냈다.
59198	운전자들은 경찰이 도로를 안전하게 유지할 것이라고 <strong class="target-word">믿는다</strong>.
59199	오토바이 운전자들은 산을 향해 서쪽으로 <strong class="target-word">나아갔다</strong>.
59208	허가되지 않은 모든 차량은 <strong class="target-word">견인될</strong> 것이다.
59209	Jim은 실수로 트럭을 <strong class="target-word">후진</strong> 기어에 놓았다.
59210	승객들은 운전자의 시야를 <strong class="target-word">가리지</strong> 말아야 한다.
59211	그 <strong class="target-word">연체된</strong> 계좌는 정지되었다.
59212	10월 청구서는 지불 기한이 <strong class="target-word">지났으므로</strong> 곧 납부되어야 한다.
59217	은행은 항시 보안을 <strong class="target-word">고려한다</strong>.
59222	지불은 다음 달 <strong class="target-word">1일까지</strong>이다.
59231	빠르고 친절한 서비스는 Township Capital사와 거래하는 것을 <strong class="target-word">즐겁게</strong> 한다.
59243	신용 협동조합과 은행은 많은 <strong class="target-word">공통점</strong>이 있다.
59253	그 기관은 대출로 얻은 자금에 <strong class="target-word">지나치게</strong> 의존하고 있다.
59257	더 높은 <strong class="target-word">담보 대출</strong> 금리는 주택 소유자들에게 손해를 입힐 것이다.
59258	모든 수표가 Everson사에 <strong class="target-word">지불되도록</strong> 해 주십시오.
59259	Jane은 <strong class="target-word">개인</strong> 수표를 현금으로 바꾸기 위해 은행에 들렀다.
59265	석유 회사들은 <strong class="target-word">당분간</strong> 확장 계획을 가지고 있지 않다.
59268	그 중개인은 고객을 <strong class="target-word">대신해</strong> 주식을 매각할 수 있는 권한을 받았다.
59282	분석가들은 문제가 많은 회사의 주식을 추천하는 것에 대해 <strong class="target-word">조심한다</strong>.
59301	학생들은 보통 자신의 <strong class="target-word">집</strong>에서 가장 가까운 학교에 다닌다.
59303	그 장식가는 거실 창문들을 실크 커튼으로 <strong class="target-word">장식했다</strong>.
59304	꼭대기 층은 넉 달 동안 <strong class="target-word">비어 있었다</strong>.
59306	그 아파트의 규모는 4인 가족에게 <strong class="target-word">적당하다</strong>.
59318	건설 프로젝트는 자금이 고갈되자 <strong class="target-word">중단되었다</strong>.
59327	주택 개조를 위한 허가 취득은 <strong class="target-word">의무적이다</strong>.
59336	제시된 공간에 <strong class="target-word">본적</strong>을 기입해 주세요.
59337	창고는 행정실에 <strong class="target-word">인접해 있다</strong>.
59346	<strong class="target-word">맑게 갠</strong> 날 공원에서 소풍이 열렸다.
59351	이번 주 날씨는 캠핑 여행을 가기에 <strong class="target-word">이상적이었다</strong>.
59357	시립 공원의 나무들은 보기에도 <strong class="target-word">즐거울</strong> 뿐만 아니라 환경적으로도 이롭다.
59358	그 회사는 구내에 나무를 심는 것으로 식목일을 <strong class="target-word">기념했다</strong>.
59359	그 야생 공원은 자동차로 접근이 <strong class="target-word">불가능해서</strong>, 방문객들은 페리를 타고 가야 한다.
59363	Black 숲은 너무 <strong class="target-word">빽빽해서</strong> 한낮에도 어두워 보인다.
59364	기후 변화는 전 세계적으로 중요한 <strong class="target-word">환경</strong> 문제가 되었다.
59365	공장 건설은 정부 환경 규정에 <strong class="target-word">일치해야</strong> 한다.
59366	부적절하게 밀봉된 탱크가 화학 물질이 물속으로 천천히 <strong class="target-word">새게</strong> 했다.
59369	물이 휘발유로 <strong class="target-word">오염되었다</strong>.
59374	그 지역의 수자원이 <strong class="target-word">고갈되면서</strong> 농산물 감소의 원인이 되었다.
59375	그 공장은 지역 주민들에게 제공되기 전에 물을 <strong class="target-word">정화시킨다</strong>.
59392	경영진은 1년에 한 번 <strong class="target-word">종합</strong> 신체검사를 받도록 요구된다.
59395	환자의 종양을 제거하기 위해 수술이 <strong class="target-word">필요할</strong> 수도 있다.
59403	정기적으로 <strong class="target-word">치과</strong> 검진을 받는 것은 중요하다.
59404	보건국은 최적의 영양을 위한 <strong class="target-word">식단</strong> 지침을 발표했다.
59405	<strong class="target-word">관련</strong> 증상을 수반하는 질환들은 제대로 진단하는 것이 어려울 수 있다.
59406	독감 바이러스는 공기를 통해 <strong class="target-word">전염된다</strong>.
59412	그 <strong class="target-word">제약</strong> 회사는 아동용 보조 식품을 판매한다.
59416	약을 복용하는 사람들은 위험성에 대해 <strong class="target-word">알고</strong> 있을 필요가 있다.
59423	약화된 면역 체계는 감기에 걸리기 <strong class="target-word">쉽게</strong> 만든다.
59424	회의가 <strong class="target-word">불쾌할</strong> 정도로 길어져 다른 예정된 약속들이 지연되었습니다.
