58177	accustomed	All our employees are <strong class="target-word">accustomed</strong> to using the new design software.
58178	corporation	Delroy Lee heads a multinational telecommunications <strong class="target-word">corporation</strong> based in Virginia.
58179	demanding	Although Ms. Jenkins is a <strong class="target-word">demanding</strong> supervisor, she has a reputation for being fair.
58180	colleague	Regular social activities can improve cooperation among <strong class="target-word">colleagues</strong>.
58181	division	The technician will transfer to the automobile <strong class="target-word">division</strong> after training.
58182	request	Factory tours are available upon <strong class="target-word">request</strong>.
58183	request	Mike <strong class="target-word">requested</strong> a copy of the contract from the sales director.
58184	efficiently	The software helps employees work more <strong class="target-word">efficiently</strong>.
58185	manage	The boss decided Colleen could <strong class="target-word">manage</strong> the new store.
58186	manage	They <strong class="target-word">managed</strong> to do the assigned work in time.
58187	submit	Applicants should <strong class="target-word">submit</strong> a résumé to the personnel manager.
58188	directly	All regional branches report <strong class="target-word">directly</strong> to the head office in Washington.
58189	remind	Ms. Williams <strong class="target-word">reminded</strong> Mr. Johnson of his lunch meeting.
58190	instruct	The manager <strong class="target-word">instructed</strong> the staff to read the conference materials beforehand.
58191	deadline	The team worked together closely and finished the project ahead of the <strong class="target-word">deadline</strong>.
58192	sample	We need to prepare <strong class="target-word">samples</strong> of our products for the fair.
58193	sample	The customer <strong class="target-word">sampled</strong> some cake at the opening of the bakery.
58194	notify	All staff applying for leave must <strong class="target-word">notify</strong> their supervisors in writing.
58195	perform	All visitors must <strong class="target-word">perform</strong> a safety check before entering the factory.
58196	deserve	The sales team <strong class="target-word">deserves</strong> a bonus for exceeding their goals.
58197	assignment	The manager gave the team a difficult <strong class="target-word">assignment</strong>.
58198	entire	The <strong class="target-word">entire</strong> staff was present at the meeting.
58199	release	The company will <strong class="target-word">release</strong> its new product line next month.
58200	release	The press <strong class="target-word">release</strong> was sent to all major news outlets.
58201	extension	The manager granted an <strong class="target-word">extension</strong> on the project deadline.
58202	extension	If you have any questions, please call me at <strong class="target-word">extension</strong> 402.
58203	electronically	You can submit your application <strong class="target-word">electronically</strong>.
58204	attendance	<strong class="target-word">Attendance</strong> at the workshop is mandatory for all new staff.
58205	absolutely	It is <strong class="target-word">absolutely</strong> necessary to finish the report today.
58206	delegate	A good manager knows how to <strong class="target-word">delegate</strong> responsibilities.
58207	delegate	The <strong class="target-word">delegates</strong> from several countries attended the conference.
58208	attentively	The students listened <strong class="target-word">attentively</strong> to the teacher's instructions.
58209	supervision	Close <strong class="target-word">supervision</strong> ensures high quality.
58210	workshop	Mr. Kim was asked to speak at the <strong class="target-word">workshop</strong> on Friday.
58211	draw	The company's annual conference usually <strong class="target-word">draws</strong> 800 employees from around the world.
58212	revision	The team manager will make <strong class="target-word">revisions</strong> to the proposal.
58213	reluctantly	Ms. Danvers <strong class="target-word">reluctantly</strong> agreed to cut the advertising budget.
58214	acquaint	The training program <strong class="target-word">acquaints</strong> new employees with company procedures.
58215	convey	The secretary urgently <strong class="target-word">conveyed</strong> the message to the director.
58216	check	Please <strong class="target-word">check</strong> your computer regularly for disk errors.
58217	check	Click this link to <strong class="target-word">check</strong> for the latest updates.
58218	headquarters	The company <strong class="target-word">headquarters</strong> is located in London.
58219	file	Old accounting documents are <strong class="target-word">filed</strong> in the storage room.
58220	file	The department <strong class="target-word">filed</strong> an insurance claim for the water damage in the conference room.
58221	oversee	Natalie will <strong class="target-word">oversee</strong> the office relocation process.
58222	involved	Dr. Mair was deeply <strong class="target-word">involved</strong> in the decision-making process.
58223	concentrate	The sales team <strong class="target-word">concentrated</strong> on developing new strategies.
58224	lax	As of late, the staff has been rather <strong class="target-word">lax</strong> in turning in reports.
58225	procrastinate	Mr. Jones <strong class="target-word">procrastinated</strong> with his fund request and missed the deadline.
58226	combined	Retail Specialists employs professionals with a <strong class="target-word">combined</strong> experience of 30 years in sales.
58227	accomplish	Careful planning is essential for <strong class="target-word">accomplishing</strong> goals.
58228	voluntarily	He <strong class="target-word">voluntarily</strong> took on the challenging assignment in order to gain experience.
58229	undertake	She had to <strong class="target-word">undertake</strong> the task on short notice.
58230	assume	The management <strong class="target-word">assumes</strong> employees are satisfied.
58231	assume	The marketing department will <strong class="target-word">assume</strong> responsibility for the project.
58232	occasionally	Staff should <strong class="target-word">occasionally</strong> take time to relax so they do not get tired.
58233	employee	There are only three <strong class="target-word">employees</strong> working under Ms. Anderson.
58234	assist	A staff member <strong class="target-word">assisted</strong> with preparations for the conference.
58235	satisfied	Not everyone was <strong class="target-word">satisfied</strong> with changes to the overtime policy.
58236	manner	Sean was annoyed by the <strong class="target-word">manner</strong> in which his boss gave him orders.
58237	responsible	Businesses are <strong class="target-word">responsible</strong> for ensuring customer satisfaction.
58238	conduct	IJMR Ltd.'s technology department will <strong class="target-word">conduct</strong> the research study.
58239	adjust	The employees quickly <strong class="target-word">adjusted</strong> to the new e-mail system.
58240	personnel	We often use an agency to find reliable temporary <strong class="target-word">personnel</strong>.
58241	agree	The team <strong class="target-word">agreed</strong> on the recommendations of the advisor.
58242	supervise	Ms. Wilson <strong class="target-word">supervises</strong> the employees in sector B.
58243	co-worker	<strong class="target-word">Coworkers</strong> who live near each other often travel to work together.
58244	direct	The receptionist <strong class="target-word">directs</strong> new employees to the auditorium where orientation will be held.
58245	confidential	Internal documents must be kept <strong class="target-word">confidential</strong>.
58246	assign	The office manager <strong class="target-word">assigned</strong> desks to the new recruits.
58247	leading	Shepherd Inc. is a <strong class="target-word">leading</strong> exporter in the wood furniture industry.
58248	formal	The awards ceremony requires wearing <strong class="target-word">formal</strong> business attire.
58249	remove	The vice president was <strong class="target-word">removed</strong> from his position because of a scandal.
58250	collect	The author <strong class="target-word">collected</strong> management ideas from around the world for his book.
58251	coordinate	The Chicago office <strong class="target-word">coordinated</strong> the planning process.
58252	hardly	She was <strong class="target-word">hardly</strong> ever late for her shift.
58253	abstract	Copland spent thousands of dollars on an <strong class="target-word">abstract</strong> painting for the lobby.
58254	abstract	Ideals such as loyalty may seem <strong class="target-word">abstract</strong>, so employees need specific examples.
58255	directory	The company <strong class="target-word">directory</strong> shows where the marketing department is.
58256	accountable	All employees are <strong class="target-word">accountable</strong> for the duties they have been assigned to complete.
58257	skillfully	Brenda <strong class="target-word">skillfully</strong> edited the report to fit on one page.
58258	exclusive	Delegates with special passes have <strong class="target-word">exclusive</strong> access to a tour of the facilities.
58259	intention	She had every <strong class="target-word">intention</strong> of attending the conference, but could not.
58260	transform	Computerization has <strong class="target-word">transformed</strong> the way companies do business.
58261	respectful	Sales clerks are reminded to be <strong class="target-word">respectful</strong> to all clients.
58262	duplicate	A <strong class="target-word">duplicate</strong> of each contract is kept in the company records.
58263	contrary	TechWorld is in financial trouble, despite claims to the <strong class="target-word">contrary</strong>.
58264	disturbing	Shareholders found reports of the CEO's incompetence <strong class="target-word">disturbing</strong>.
58265	engage	Each worker was <strong class="target-word">engaged</strong> in at least two projects.
58266	foster	Staff dinners helped <strong class="target-word">foster</strong> better work relations.
58267	neutrality	Managers must display complete <strong class="target-word">neutrality</strong> in disagreements between employees.
58268	widely	Ben Hurley is a <strong class="target-word">widely</strong> admired business leader.
58269	externally	Most of the company's marketing is handled <strong class="target-word">externally</strong> through contractors.
58270	sophisticated	A <strong class="target-word">sophisticated</strong> surveillance system was installed.
58271	sophisticated	The decorator exhibited a <strong class="target-word">sophisticated</strong> taste in art.
58272	timely	The report was completed in a <strong class="target-word">timely</strong> manner.
58273	realistically	We cannot <strong class="target-word">realistically</strong> expect to have the presentation ready on time.
58274	promptly	It is company policy to respond <strong class="target-word">promptly</strong> to all inquiries.
58275	promptly	The train will leave <strong class="target-word">promptly</strong> at 4 P.M.
58276	accessible	The 18th floor is only <strong class="target-word">accessible</strong> to executive staff.
58277	accessible	Please make the manual <strong class="target-word">accessible</strong> to all employees.
58278	implement	Board members voted to <strong class="target-word">implement</strong> an innovative marketing campaign.
58279	feedback	<strong class="target-word">Feedback</strong> from colleagues can be of great assistance.
58280	outstanding	The director presented an <strong class="target-word">outstanding</strong> business plan.
58281	outstanding	By clearing its <strong class="target-word">outstanding</strong> debt, Cottonvale was able to finance new product development.
58282	inform	Please <strong class="target-word">inform</strong> the director that the meeting has been canceled.
58283	replacement	We need a <strong class="target-word">replacement</strong> for this broken laptop.
58284	replacement	Human resources is looking for a <strong class="target-word">replacement</strong> for Mr. Winters.
58285	announcement	Mr. Dane posted an <strong class="target-word">announcement</strong> about the general meeting.
58286	department	Report payroll problems to the finance <strong class="target-word">department</strong>.
58287	permanently	The computer files have been <strong class="target-word">permanently</strong> deleted and cannot be retrieved.
58288	fulfill	The final product design <strong class="target-word">fulfilled</strong> the terms of the contract.
58289	outline	Begin making the report by arranging the main ideas in an <strong class="target-word">outline</strong>.
58290	outline	The salesman <strong class="target-word">outlined</strong> the features of the vacuum cleaner.
58291	explain	The manager <strong class="target-word">explained</strong> the new regulations to everyone in the department.
58292	contain	The filing cabinet <strong class="target-word">contains</strong> copies of all our invoices.
58293	compile	The assistant <strong class="target-word">compiled</strong> a list of tablet computer manufacturers.
58294	compile	Ms. Atkins will <strong class="target-word">compile</strong> all year-end reports and submit them to Ms. Woo.
58295	subsequent	Some employees received separation pay <strong class="target-word">subsequent</strong> to the company's closing.
58296	overview	Scott gave an <strong class="target-word">overview</strong> of the topic before the presentation.
58297	provider	There are numerous Internet and cable <strong class="target-word">providers</strong> in the city.
58298	matter	Please deal with personal <strong class="target-word">matters</strong> outside the office.
58299	expertise	This kind of project falls outside the firm's area of <strong class="target-word">expertise</strong>.
58300	demonstrate	Sales figures <strong class="target-word">demonstrate</strong> that the advertising campaign was successful.
58301	demonstrate	Our representative will <strong class="target-word">demonstrate</strong> how to use the instrument.
58302	remainder	Audits will continue throughout the <strong class="target-word">remainder</strong> of the month.
58303	essential	Perseverance is <strong class="target-word">essential</strong> to success in business.
58304	divide	Required overtime will be <strong class="target-word">divided</strong> equally among employees.
58305	major	A <strong class="target-word">major</strong> figure in publishing, Ms. Yarrow is highly influential.
58306	major	The new manager has had a <strong class="target-word">major</strong> impact on productivity.
58307	compliance	Government officials will inspect the plant's <strong class="target-word">compliance</strong> with safety guidelines.
58308	clarify	The notice <strong class="target-word">clarified</strong> some details of the vacation policy modifications.
58309	face	Businesses are <strong class="target-word">faced</strong> with the challenge of foreign competition.
58310	face	The elevator <strong class="target-word">faces</strong> the lobby of the building.
58311	follow	The guests <strong class="target-word">followed</strong> the guide into the exhibition hall.
58312	follow	Bill <strong class="target-word">followed</strong> the conversations at the meeting closely.
58313	follow	The manager realized the staff was not <strong class="target-word">following</strong> his talk.
58314	aspect	Every <strong class="target-word">aspect</strong> of the problem must be taken into consideration.
58315	apparently	<strong class="target-word">Apparently</strong>, Mr. Jones was not invited to this meeting.
58316	aware	Workers should be made <strong class="target-word">aware</strong> of safety procedures.
58317	extended	The accounting department works <strong class="target-word">extended</strong> hours on the first week of every month.
58318	accidentally	Alison <strong class="target-word">accidentally</strong> made some errors in the financial statements.
58319	advisable	It is <strong class="target-word">advisable</strong> to update computer equipment regularly.
58320	concerned	Management is <strong class="target-word">concerned</strong> about security.
58321	concerned	The report is mainly <strong class="target-word">concerned</strong> with current investments.
58322	speak	Mr. Brooke <strong class="target-word">spoke</strong> to his clients about a new venture.
58323	rest	Hikers can <strong class="target-word">rest</strong> on the bench halfway up the hill.
58324	rest	The tour group had a <strong class="target-word">rest</strong> before visiting the palace.
58325	exhibition	The gallery hosted an <strong class="target-word">exhibition</strong> of urban scenic photographs.
58326	celebrity	Many <strong class="target-word">celebrities</strong> attended the city's summer park festival.
58327	live	Finnegan's café hosts a <strong class="target-word">live</strong> music performance every Saturday.
58328	improvise	The performers <strong class="target-word">improvised</strong> a jazz melody.
58329	popular	Broadway musicals are so <strong class="target-word">popular</strong> that they frequently go on tour.
58330	donation	The library is accepting <strong class="target-word">donations</strong> of children's books.
58331	alumni	St. John's University <strong class="target-word">alumni</strong> were invited to the graduation ceremony.
58332	present	Please <strong class="target-word">present</strong> valid tickets at the door.
58333	present	The <strong class="target-word">present</strong> owner of the resort intends to renovate it.
58334	present	Famous athlete Matt London was <strong class="target-word">present</strong> at the game.
58335	admission	Those wishing to visit the exhibit will be charged an extra <strong class="target-word">admission</strong> fee.
58336	banquet	The hotel has facilities for large-scale wedding <strong class="target-word">banquets</strong>.
58337	anniversary	The couple celebrated their 50th <strong class="target-word">anniversary</strong> with a party.
58338	required	Proper swimming attire is <strong class="target-word">required</strong> when using the hotel pool.
58339	succeed	Peggy <strong class="target-word">succeeded</strong> in convincing her family to visit Hawaii.
58340	succeed	Mr. Chambers will <strong class="target-word">succeed</strong> Ms. Shipman as head of the Tourism Board after she retires.
58341	collection	The museum has a unique <strong class="target-word">collection</strong> of stamps.
58342	collection	Toll <strong class="target-word">collection</strong> operates by means of an electronic system.
58343	fundraising	Auctions are a popular form of <strong class="target-word">fund-raising</strong>.
58344	resume	The play will <strong class="target-word">resume</strong> after a short intermission.
58345	issue	Jack's cake recipe was in the April <strong class="target-word">issue</strong> of Baker Monthly.
58346	issue	There are many perspectives on the <strong class="target-word">issue</strong> of global warming.
58347	subscription	I would like to get a <strong class="target-word">subscription</strong> to the Weekly Herald.
58348	appear	The novelist <strong class="target-word">appeared</strong> at the bookstore to sign autographs.
58349	accompany	Mary <strong class="target-word">accompanied</strong> her grandmother to the mall.
58350	accompany	Be careful because strong winds often <strong class="target-word">accompany</strong> rain in the mountains.
58351	edition	A revised <strong class="target-word">edition</strong> of the economics book will be published soon.
58352	specifically	The package terms <strong class="target-word">specifically</strong> stated that guests would stay at a hotel.
58353	specifically	Campgrounds around the lake are worth visiting, <strong class="target-word">specifically</strong> the Milligan site.
58354	anonymous	The charity received $6,000 from an <strong class="target-word">anonymous</strong> donor.
58355	commit	The store is <strong class="target-word">committed</strong> to providing excellent customer service.
58356	informative	The documentary was <strong class="target-word">informative</strong> and interesting.
58357	audience	The <strong class="target-word">audience</strong> applauded the singer enthusiastically.
58358	author	All of the <strong class="target-word">author</strong>'s short stories are popular.
58359	note	Please <strong class="target-word">note</strong> the intricate details of the architecture.
58360	antique	<strong class="target-word">Antiques</strong> are popular for home decor.
58361	manuscript	The author is working on several <strong class="target-word">manuscripts</strong>.
58362	beneficial	The organization's work is <strong class="target-word">beneficial</strong> to the community.
58363	upcoming	A reporter spoke to a candidate for the <strong class="target-word">upcoming</strong> election.
58364	lend	The library <strong class="target-word">lends</strong> a variety of audio-visual materials.
58365	current	<strong class="target-word">Current</strong> subscribers to the magazine will receive a free supplement.
58366	local	The tournament will be held at the <strong class="target-word">local</strong> high school.
58367	variety	The newsstand sells a <strong class="target-word">variety</strong> of magazines and newspapers.
58368	variety	The specialty coffee store sells more than twenty <strong class="target-word">varieties</strong> of coffee.
58369	advocate	The writer is an <strong class="target-word">advocate</strong> of public education.
58370	contributor	The doctor is a regular <strong class="target-word">contributor</strong> to the medical journal.
58371	defy	The documentary series <strong class="target-word">defies</strong> conventional wisdom about fitness.
58372	defy	The play <strong class="target-word">defied</strong> all description.
58373	fascinating	Many <strong class="target-word">fascinating</strong> pieces of art were on display.
58374	showing	We attended the premiere <strong class="target-word">showing</strong> of the Rita Garner movie.
58375	showing	There will be another <strong class="target-word">showing</strong> of this artist's work.
58376	survey	Customer <strong class="target-word">surveys</strong> help to improve product quality.
58377	analysis	The latest market <strong class="target-word">analysis</strong> shows an increase in used car purchases.
58378	respondent	Almost all survey <strong class="target-word">respondents</strong> rated the product highly.
58379	monopoly	Panatronic has a virtual <strong class="target-word">monopoly</strong> on the manufacture of digital recorders.
58380	competition	<strong class="target-word">Competition</strong> in the game software market has increased.
58381	consistently	The factory has <strong class="target-word">consistently</strong> provided the highest grade products.
58382	demand	The company could not meet the increased <strong class="target-word">demand</strong> for mobile devices.
58383	demand	Mr. Hawkesby <strong class="target-word">demanded</strong> that the clause be removed.
58384	do one's utmost	Sun Manufacturing <strong class="target-word">does its utmost</strong> to ensure the quality of its products.
58385	expand	Brahe Optics has <strong class="target-word">expanded</strong> its marketing and sales division.
58386	advanced	Modern cell phones are very <strong class="target-word">advanced</strong> compared to those from a decade ago.
58387	advanced	The company is already in the <strong class="target-word">advanced</strong> stages of the product design.
58388	postpone	Organizers <strong class="target-word">postponed</strong> the conference on management strategies because of bad weather.
58389	additional	Several investors decided to purchase <strong class="target-word">additional</strong> stocks.
58390	appreciate	Benson Co. <strong class="target-word">appreciates</strong> your continued business.
58391	appreciate	The supervisor <strong class="target-word">appreciated</strong> Gloria's excellent organizing skills.
58392	appreciate	The gallery was filled with people <strong class="target-word">appreciating</strong> the masterpieces.
58393	demonstration	The salesclerk offered to provide a <strong class="target-word">demonstration</strong> on how to use the photocopier.
58394	demonstration	The short software <strong class="target-word">demonstration</strong> showed how much money the business could save.
58395	buy	The acquisitions department <strong class="target-word">buys</strong> all of the office equipment.
58396	examine	Research and Development will <strong class="target-word">examine</strong> food consumption trends in foreign markets.
58397	effective	An <strong class="target-word">effective</strong> advertising campaign is one that people remember for a long time.
58398	effective	Increased tax deductions will be <strong class="target-word">effective</strong> as of June 1.
58399	like	Consumers <strong class="target-word">like</strong> products that look high-end but are less expensive.
58400	especially	Manufacturers of large vehicles are facing an <strong class="target-word">especially</strong> difficult year for sales.
58401	closely	Marketing departments monitor the latest trends <strong class="target-word">closely</strong>.
58402	reserve	The secretary will <strong class="target-word">reserve</strong> hotel rooms for anyone going to the convention.
58403	reserve	Some funds have been <strong class="target-word">reserved</strong> to pay for the banquet.
58404	cooperate	The two companies <strong class="target-word">cooperated</strong> on developing the promotional campaign for the new spring collection.
58405	very	The survey was <strong class="target-word">very</strong> effective at identifying the target market.
58406	consecutive	The Barkley Company achieved high sales growth for the third <strong class="target-word">consecutive</strong> year.
58407	expectation	The <strong class="target-word">expectation</strong> is that costs will be cut.
58408	publicize	New regulations are <strong class="target-word">publicized</strong> on the government Web site.
58409	publicize	The hospital <strong class="target-word">publicized</strong> its newly built wing to attract more patients.
58410	raise	We used mass-mailing methods to <strong class="target-word">raise</strong> awareness of our brand.
58411	raise	The president <strong class="target-word">raised</strong> questions about the quality of the new product.
58412	extremely	Internet service providers struggle to survive in today's <strong class="target-word">extremely</strong> competitive market.
58413	affect	The frozen-food industry can <strong class="target-word">affect</strong> the canned goods market.
58414	target	Sales for this quarter are right on <strong class="target-word">target</strong>.
58415	target	The advertisement <strong class="target-word">targets</strong> the age range of 25-40 years.
58416	campaign	The mayor's election <strong class="target-word">campaign</strong> focused on his strong record in office.
58417	probable	One of the <strong class="target-word">probable</strong> causes for low sales was the lack of promotion.
58418	focus	Management decided to <strong class="target-word">focus</strong> resources on expanding its business.
58419	seasonal	The sugarcane industry is vulnerable to <strong class="target-word">seasonal</strong> variations.
58420	impact	Price fluctuations had a major <strong class="target-word">impact</strong> on the market.
58421	comparison	Online advertising is cheaper in <strong class="target-word">comparison</strong> with television.
58422	gap	Severe deficits can occur when there is a huge <strong class="target-word">gap</strong> between exports and imports.
58423	mounting	There is <strong class="target-word">mounting</strong> pressure from management to increase productivity.
58424	reflective	Shrinking profits are <strong class="target-word">reflective</strong> of the current state of the company.
58425	meeting	The <strong class="target-word">meeting</strong> was postponed because of a scheduling conflict.
58426	advertisement	Sales have been propelled by the new <strong class="target-word">advertisement</strong>.
58427	marginal	Customers showed only <strong class="target-word">marginal</strong> interest in the new tablet computer.
58428	marginal	The maintenance department decorated the <strong class="target-word">marginal</strong> area of the company premises.
58429	customer	Telephone representatives should make the needs of <strong class="target-word">customers</strong> their priority.
58430	influence	Demand for housing directly <strong class="target-word">influences</strong> the cost of homes.
58431	influence	Product reviews have a profound <strong class="target-word">influence</strong> on sales.
58432	instantly	The brand logo should be <strong class="target-word">instantly</strong> recognizable.
58433	creative	Mr. Beaumont came up with a <strong class="target-word">creative</strong> idea.
58434	aggressively	The best sales representatives <strong class="target-word">aggressively</strong> seek out potential clients.
58435	aim	Sport Apparel developed athletic gear <strong class="target-word">aimed</strong> at teenagers.
58436	aim	The division head will outline the <strong class="target-word">aims</strong> of the marketing strategy.
58437	strategy	Management's <strong class="target-word">strategy</strong> for expansion has been successful.
58438	indicate	Studies <strong class="target-word">indicate</strong> that consumers prefer attractively packaged products.
58439	attract	The automaker is making an effort to <strong class="target-word">attract</strong> younger buyers.
58440	experience	All of the invited guests had a pleasant <strong class="target-word">experience</strong> at the store opening.
58441	experience	Customers can <strong class="target-word">experience</strong> the new service free for a limited time.
58442	analyze	Researchers were asked to <strong class="target-word">analyze</strong> the survey data.
58443	introduce	ElectroLife <strong class="target-word">introduced</strong> a new line of vacuum cleaners.
58444	advise	Coburn Law Firm <strong class="target-word">advises</strong> clients on intellectual property matters.
58445	subscribe	<strong class="target-word">Subscribing</strong> to the monthly fashion magazine costs only $40 a year.
58446	absence	The <strong class="target-word">absence</strong> of competition will help product sales.
58447	absence	Staff members must strictly observe the new policy on <strong class="target-word">absences</strong>.
58448	means	Direct surveys are one <strong class="target-word">means</strong> of gathering consumer feedback.
58449	prefer	Customers <strong class="target-word">prefer</strong> Luster Shampoo to any other competing brand.
58450	advantage	One <strong class="target-word">advantage</strong> of consumer testing is the development of marketing insight.
58451	forward	Our company's research program has moved <strong class="target-word">forward</strong> substantially.
58452	forward	Please <strong class="target-word">forward</strong> your e-mail to the accounting manager.
58453	contemporary	Advertising messages change over time to reflect <strong class="target-word">contemporary</strong> attitudes.
58454	contemporary	The fashion brand's <strong class="target-word">contemporary</strong> look appeals to young consumers.
58455	discussion	A <strong class="target-word">discussion</strong> was held to decide how to promote the product.
58456	initial	<strong class="target-word">Initial</strong> findings show that customers are satisfied with the service.
58457	steadily	Ron <strong class="target-word">steadily</strong> answered investors' questions about his business idea.
58458	steadily	Product sales <strong class="target-word">steadily</strong> increased as time passed.
58459	necessarily	Increased production does not <strong class="target-word">necessarily</strong> lead to greater revenues.
58460	resolve	The new facial cream promises to <strong class="target-word">resolve</strong> 90 percent of common skin problems.
58461	detect	Only a few people <strong class="target-word">detected</strong> any actual differences between the two models.
58462	intensify	The movie studio <strong class="target-word">intensified</strong> its promotional activities to draw in a wider audience.
58463	favorably	The product demonstration was <strong class="target-word">favorably</strong> received by consumers.
58464	favorably	Earnings continue to develop <strong class="target-word">favorably</strong>.
58465	cover	The rental deposit <strong class="target-word">covers</strong> the cost of repairing damage to the equipment.
58466	cover	The firm's budget is large enough to <strong class="target-word">cover</strong> marketing expenses for a year.
58467	cover	The car was <strong class="target-word">covered</strong> by a sheet before being unveiled at the launch.
58468	less	<strong class="target-word">Less</strong> competition among insurance companies led to higher premiums.
58469	majority	The <strong class="target-word">majority</strong> of registered clients pay their dues regularly.
58470	adopt	Plenty of research must be done before <strong class="target-word">adopting</strong> a particular marketing strategy.
58471	largely	Public reaction to the charity foundation was <strong class="target-word">largely</strong> positive.
58472	disregard	The company should not <strong class="target-word">disregard</strong> customers' opinions if it wants to improve the service quality.
58473	effort	TV commercials were run in an <strong class="target-word">effort</strong> to broaden consumer awareness of new brands.
58474	incentive	Financial <strong class="target-word">incentives</strong> such as coupons may encourage purchases.
58475	need	The company is in <strong class="target-word">need</strong> of an untapped market.
58476	need	The vehicle was designed to meet the <strong class="target-word">needs</strong> of daily commuters.
58477	need	We <strong class="target-word">need</strong> to scrutinize each transaction for potential errors.
58478	mastermind	Mr. Dane is the <strong class="target-word">mastermind</strong> behind the innovative design.
58479	stagnant	Profits are down this year as sales have been <strong class="target-word">stagnant</strong>.
58480	dramatically	Interest rates climbed <strong class="target-word">dramatically</strong>.
58481	brisk	A <strong class="target-word">brisk</strong> market is developing in online shopping.
58482	unstable	Gas prices have been <strong class="target-word">unstable</strong> in recent years.
58483	rapidly	Energy demand increased <strong class="target-word">rapidly</strong>.
58484	soar	Interest rates have <strong class="target-word">soared</strong> due to inflation.
58485	assert	The report <strong class="target-word">asserts</strong> that corporate growth will continue.
58486	boost	The real estate industry has helped <strong class="target-word">boost</strong> the economy.
58487	analyst	<strong class="target-word">Analysts</strong> recommend buying stock in energy companies.
58488	potential	<strong class="target-word">Potential</strong> earnings from the trade deal could reach billions of dollars.
58489	potential	The newly formed company has great <strong class="target-word">potential</strong> to succeed.
58490	pleased	Investors are <strong class="target-word">pleased</strong> with the market's performance.
58491	remain	The cost of living will <strong class="target-word">remain</strong> stable over the next decade.
58492	remain	It <strong class="target-word">remains</strong> to be seen whether or not the tax cut will be passed.
58493	limited	The island nation has <strong class="target-word">limited</strong> natural resources.
58494	costly	Starting a business is <strong class="target-word">costly</strong>.
58495	particular	Import taxes are higher for <strong class="target-word">particular</strong> products that are luxury goods.
58496	drastic	Resolving the financial crisis will require <strong class="target-word">drastic</strong> action.
58497	drastic	Private citizens want <strong class="target-word">drastic</strong> reform of the banking industry.
58498	evenly	Economic wealth is not <strong class="target-word">evenly</strong> distributed.
58499	evidence	The latest employment data shows <strong class="target-word">evidence</strong> that the economy is improving.
58500	prospect	Bolton Industries is facing the <strong class="target-word">prospect</strong> of having to reduce its workforce.
58501	lead	Ms. Vasquez helped <strong class="target-word">lead</strong> the company to success.
58502	lead	Growing oil markets will <strong class="target-word">lead</strong> to economic improvement.
58503	fall	The rate of unemployment has <strong class="target-word">fallen</strong> steadily this quarter.
58504	period	For a <strong class="target-word">period</strong> of three years, the company underwent rapid expansion.
58505	indicator	Current economic <strong class="target-word">indicators</strong> show rising growth in mining.
58506	industry	Jobs in the newspaper <strong class="target-word">industry</strong> are declining rapidly.
58507	likely	The new CEO is <strong class="target-word">likely</strong> to confront major challenges.
58508	boom	Land developers are taking advantage of the housing <strong class="target-word">boom</strong>.
58509	director	The company <strong class="target-word">directors</strong> are discussing a new business strategy.
58510	substitute	Corn syrup is used as a <strong class="target-word">substitute</strong> for sugar in many food products.
58511	substitute	Ms. Ohara will be <strong class="target-word">substituting</strong> for the project manager this week.
58512	consequence	Profits grew as a <strong class="target-word">consequence</strong> of increased business.
58513	fairly	Concerns over the bankruptcy are <strong class="target-word">fairly</strong> widespread.
58514	economical	Companies are searching for <strong class="target-word">economical</strong> ways to utilize energy.
58515	thrive	The delivery service industry is <strong class="target-word">thriving</strong>.
58516	implication	The Supreme Court ruling has <strong class="target-word">implications</strong> for small businesses.
58517	wane	Consumer spending is on the <strong class="target-word">wane</strong>.
58518	prosperity	Strong economic growth is a prerequisite for national <strong class="target-word">prosperity</strong>.
58519	depression	The entire industry is going through an economic <strong class="target-word">depression</strong>.
58520	dwindle	The company's profits <strong class="target-word">dwindled</strong> in the 1990s.
58521	impede	Natural calamities in the summer will <strong class="target-word">impede</strong> national growth.
58522	promising	Many people find <strong class="target-word">promising</strong> careers in health and technology.
58523	adversity	In spite of the <strong class="target-word">adversity</strong> he faced, Mike managed to find a job.
58524	purchase	The customer <strong class="target-word">purchased</strong> a laptop computer.
58525	purchase	For every <strong class="target-word">purchase</strong> of $100 or more, customers will receive a raffle ticket.
58526	price	The new color printer has a retail <strong class="target-word">price</strong> of only $150.99.
58527	affordable	Toyama launched an <strong class="target-word">affordable</strong> mid-range sedan.
58528	exactly	The sales representatives help customers decide <strong class="target-word">exactly</strong> what style fits them best.
58529	installment	The shop allows buyers to pay for furniture in monthly <strong class="target-word">installments</strong>.
58530	notice	The prices listed in the catalog are effective until further <strong class="target-word">notice</strong>.
58531	charge	The price includes shipping and handling <strong class="target-word">charges</strong>.
58532	charge	Ms. Long is in <strong class="target-word">charge</strong> of product returns.
58533	charge	The phone company <strong class="target-word">charges</strong> high fees for installations.
58534	charge	She <strong class="target-word">charged</strong> the fee to her credit card.
58535	experienced	Bill is the most <strong class="target-word">experienced</strong> salesperson in the store.
58536	instruction	The receipt gives <strong class="target-word">instructions</strong> for returning or exchanging items.
58537	expert	A personal shopper is an <strong class="target-word">expert</strong> at finding bargains for customers.
58538	expert	An <strong class="target-word">expert</strong> designer created the layout of the store.
58539	warranty	The computer is under <strong class="target-word">warranty</strong> for two years.
58540	refund	Buyers can get a full <strong class="target-word">refund</strong> for a defective product.
58541	subscriber	The Web site now has millions of <strong class="target-word">subscribers</strong>.
58542	delivery	We guarantee <strong class="target-word">delivery</strong> within three days.
58543	receipt	The original <strong class="target-word">receipt</strong> is required for all refunds.
58544	carefully	Please follow the installation directions <strong class="target-word">carefully</strong>.
58545	offer	Z-Mart <strong class="target-word">offers</strong> $25 gift cards to customers signing up for membership.
58546	offer	The supermarket entices customers with promotional <strong class="target-word">offers</strong>.
58547	benefit	The Shoppers' Club offers many <strong class="target-word">benefits</strong> to its members.
58548	benefit	NBC Mart shoppers <strong class="target-word">benefit</strong> from various coupons and free delivery service.
58549	exclusively	A 10 percent discount is available <strong class="target-word">exclusively</strong> to Premium Club members.
58550	description	Call customer service for a more extensive <strong class="target-word">description</strong> of any of the equipment.
58551	relatively	McCoy's has a <strong class="target-word">relatively</strong> lenient return policy compared to similar stores.
58552	preparation	<strong class="target-word">Preparations</strong> are under way for the department store's grand opening.
58553	spare	The shopping mall <strong class="target-word">spared</strong> no expense on the 10th anniversary promotion.
58554	spare	Customers may order <strong class="target-word">spare</strong> parts at the service counter.
58555	area	There are excellent retail stores in this <strong class="target-word">area</strong>.
58556	clearance	There is usually a <strong class="target-word">clearance</strong> sale for winter clothes in March.
58557	clearance	The clerk got special <strong class="target-word">clearance</strong> to discount the shoes.
58558	alter	The customer asked that the length of his pants be <strong class="target-word">altered</strong>.
58559	apply	The cashier <strong class="target-word">applied</strong> the discount to all the items.
58560	apply	Those wishing to <strong class="target-word">apply</strong> for the position must be familiar with our merchandise.
58561	mutually	The couple and dealer reached a <strong class="target-word">mutually</strong> agreeable price for the car.
58562	method	In recent years, debit cards have become a popular <strong class="target-word">method</strong> of payment.
58563	acceptable	Jenson Fashions sells clothes that are <strong class="target-word">acceptable</strong> as business attire.
58564	desire	Effective advertising can create a <strong class="target-word">desire</strong> in consumers to buy goods they do not need.
58565	desire	Many people <strong class="target-word">desire</strong> the latest electronic devices.
58566	redeemable	Store gift vouchers are <strong class="target-word">redeemable</strong> at any branch.
58567	officially	The online store will <strong class="target-word">officially</strong> open next month.
58568	consumption	<strong class="target-word">Consumption</strong> of high-end products like home theaters has increased recently.
58569	qualify	Clients need a regular income to <strong class="target-word">qualify</strong> for credit cards.
58570	fabric	The manufacturer's garments are made of natural <strong class="target-word">fabric</strong> only.
58571	auction	A number of antique pieces will be sold at the <strong class="target-word">auction</strong>.
58572	authentic	The new restaurant downtown serves <strong class="target-word">authentic</strong> Spanish cuisine.
58573	valid	A <strong class="target-word">valid</strong> receipt must be presented.
58574	vendor	The street is filled with <strong class="target-word">vendors</strong> during the weekly market.
58575	vendor	Software <strong class="target-word">vendors</strong> have been instructed to sell the product at a specific retail price.
58576	research	The company started a <strong class="target-word">research</strong> program into developing GPS technology.
58577	devise	The firm <strong class="target-word">devised</strong> a more efficient network system.
58578	revolutionary	The car's <strong class="target-word">revolutionary</strong> new engine surpasses those of the competition.
58579	innovative	Simpson & Associates provides clients with <strong class="target-word">innovative</strong> solutions to their needs.
58580	feature	The latest dryer has several new <strong class="target-word">features</strong>.
58581	feature	This refrigerator model <strong class="target-word">features</strong> high energy efficiency.
58582	inspiration	The new fashion designer draws her <strong class="target-word">inspiration</strong> from traditional attire.
58583	sufficiently	The containers are <strong class="target-word">sufficiently</strong> strong to resist breakage.
58584	patent	The lawyers submitted the paperwork for a <strong class="target-word">patent</strong> application.
58585	envision	Management <strong class="target-word">envisions</strong> its latest product being sold in stores across the country.
58586	extend	A switch for adjusting brightness <strong class="target-word">extends</strong> from the back of the lamp.
58587	extend	The manager <strong class="target-word">extended</strong> the design deadline for a month.
58588	extend	The CEO <strong class="target-word">extended</strong> his thanks to the research team for their great work.
58589	following	The software was launched <strong class="target-word">following</strong> months of research.
58590	following	Product brochures are available in the <strong class="target-word">following</strong> languages.
58591	intend	Beauford Incorporated <strong class="target-word">intends</strong> to release its new appliances this fall.
58592	intend	The inventor <strong class="target-word">intended</strong> that her mixer be used for bread-making.
58593	grant	The patent for the handheld computer was <strong class="target-word">granted</strong> on April 27.
58594	grant	The research team will receive a government <strong class="target-word">grant</strong> of up to $4,000.
58595	allow	The program's new feature <strong class="target-word">allows</strong> users to conduct advanced searches.
58596	inspect	The head researcher <strong class="target-word">inspects</strong> all equipment and chemicals in the laboratory daily to ensure safety.
58597	improve	A variety of incentives can <strong class="target-word">improve</strong> staff productivity.
58598	increasingly	Technology is becoming an <strong class="target-word">increasingly</strong> important factor in the nation's economy.
58599	invest	Lamont Manufacturing <strong class="target-word">invested</strong> millions of dollars in improving its assembly line.
58600	various	This car has <strong class="target-word">various</strong> features not included in older models.
58601	upgrade	Special customers are eligible for one free computer <strong class="target-word">upgrade</strong>.
58602	upgrade	Gina just <strong class="target-word">upgraded</strong> her cell phone software.
58603	manual	Rachel is writing the product <strong class="target-word">manual</strong> for the new air conditioner.
58604	Explore	Clients seeking company information can <strong class="target-word">explore</strong> our Web site.
58605	response	Those testing the new microwave are asked to submit written <strong class="target-word">responses</strong> to some questions.
58606	appearance	The design team completely modernized the product's <strong class="target-word">appearance</strong>.
58607	successful	The floor lamps are the company's most <strong class="target-word">successful</strong> product.
58608	hold	The washing machine <strong class="target-word">holds</strong> up to three kilograms of laundry.
58609	advance	The product development team researches <strong class="target-word">advances</strong> in computer technology.
58610	reliable	Tests indicate that Branco's products are <strong class="target-word">reliable</strong> and efficient.
58611	reliable	The firm's management system is not <strong class="target-word">reliant</strong> on any single person.
58612	quality	The <strong class="target-word">quality</strong> control division inspects samples of all items.
58613	domestic	Slow sales in the <strong class="target-word">domestic</strong> market forced companies to expand overseas.
58614	development	The project is in the final stage of <strong class="target-word">development</strong>.
58615	development	<strong class="target-word">Developments</strong> in wireless technology allow for high-powered smart phones.
58616	availability	<strong class="target-word">Availability</strong> of product depends on market demand and supply.
58617	update	The Web site <strong class="target-word">update</strong> includes information on the latest hair styling appliances.
58618	update	The factory <strong class="target-word">updated</strong> the software of its equipment to speed up the production rate.
58619	accurate	The new accounting software is <strong class="target-word">accurate</strong> and precise.
58620	complicated	Project delays often create a <strong class="target-word">complicated</strong> situation for the public relations department.
58621	accomplished	The <strong class="target-word">accomplished</strong> chemist has been hired to develop a flexible battery.
58622	inquiry	Please call our customer representatives for service <strong class="target-word">inquiries</strong>.
58623	indication	Uneven printing is an <strong class="target-word">indication</strong> of a technical fault.
58624	manufacturer	The <strong class="target-word">manufacturer</strong> guarantees all its products for up to one year.
58625	compatible	The remote control is <strong class="target-word">compatible</strong> with all models.
58626	superior	The company's latest television is <strong class="target-word">superior</strong> to those on the market today.
58627	absolute	The latest technology keeps production costs to an <strong class="target-word">absolute</strong> minimum.
58628	broaden	The new CEO is <strong class="target-word">broadening</strong> the scope of the company's research.
58629	corrosion	This steel roof is designed to be resistant to <strong class="target-word">corrosion</strong> from the weather.
58630	remotely	Researchers are allowed to work <strong class="target-word">remotely</strong> for up to two days per week.
58631	equipment	The company uses special <strong class="target-word">equipment</strong> to load large crates onto freight trucks.
58632	automate	The production plant will be fully <strong class="target-word">automated</strong> by next year.
58633	specification	The quality control team checks if all items meet product <strong class="target-word">specifications</strong>.
58634	properly	Machinery must be well-maintained to operate <strong class="target-word">properly</strong>.
58635	safety	Factory supervisors prioritize <strong class="target-word">safety</strong> over speed.
58636	precaution	After the accident, the company introduced stricter safety <strong class="target-word">precautions</strong>.
58637	operate	The assembly line <strong class="target-word">operates</strong> round the clock.
58638	processing	Food <strong class="target-word">processing</strong> requires a clean environment.
58639	capacity	The warehouse's <strong class="target-word">capacity</strong> will double after the construction.
58640	capacity	As Ms. Jones was away, Sam acted in her <strong class="target-word">capacity</strong> as president during the meeting.
58641	assemble	Components are manufactured abroad and <strong class="target-word">assembled</strong> domestically.
58642	assemble	The manager <strong class="target-word">assembled</strong> everyone in the department for a meeting.
58643	utilize	The technicians <strong class="target-word">utilized</strong> computer technology to improve processes.
58644	place	The factory supervisor has <strong class="target-word">placed</strong> production operations on standby.
58645	place	The office manager has to <strong class="target-word">place</strong> an order for additional materials immediately.
58646	fill	An attendant <strong class="target-word">filled</strong> the car's tank with gas.
58647	fill	It will take a week to <strong class="target-word">fill</strong> the hotel's order for bed sheets.
58648	manufacturing	The <strong class="target-word">manufacturing</strong> process in the automotive industry has changed with computer advances.
58649	renovate	The packaging area was <strong class="target-word">renovated</strong> to use the space more effectively.
58650	decision	The CEO's <strong class="target-word">decision</strong> was to release the computer in February.
58651	material	The designers selected the <strong class="target-word">material</strong> because of its durability.
58652	success	The company owes its <strong class="target-word">success</strong> to strict quality control.
58653	attribute	Management has <strong class="target-word">attributed</strong> last year's gains to increased development.
58654	efficiency	The consultant suggested measures to improve energy <strong class="target-word">efficiency</strong>.
58655	limit	There is a <strong class="target-word">limit</strong> to the amount of merchandise the factory can make in a day.
58656	tailored	This equipment can be <strong class="target-word">tailored</strong> to the company's production needs.
58657	component	The store returned the defective <strong class="target-word">components</strong> to the manufacturer.
58658	capable	Ferrum Corporation is <strong class="target-word">capable</strong> of processing all kinds of metals.
58659	economize	Hybrid cars are becoming popular because they <strong class="target-word">economize</strong> on fuel.
58660	flexible	Management is more <strong class="target-word">flexible</strong> about granting vacations when business is slow.
58661	flexible	Plastic is a <strong class="target-word">flexible</strong> material that has numerous applications.
58662	comparable	The car's quality standards are <strong class="target-word">comparable</strong> to the industry average.
58663	produce	The new machinery <strong class="target-word">produces</strong> 1,000 units per hour.
58664	respectively	The camera and tablet computer cost $225 and $350 <strong class="target-word">respectively</strong>.
58665	device	The new <strong class="target-word">device</strong> was tested for possible defects.
58666	trim	This mechanism <strong class="target-word">trims</strong> the plastic packaging to make it smaller.
58667	trim	The team <strong class="target-word">trimmed</strong> nearly 20 percent off of current production costs.
58668	launch	Computer programmers fix technical malfunctions before <strong class="target-word">launching</strong> any software.
58669	separately	The cushioning pads are made <strong class="target-word">separately</strong> as each shoe is slightly different.
58670	expiration	The <strong class="target-word">expiration</strong> date is printed on the top of the milk carton.
58671	maneuver	Assembly line workers <strong class="target-word">maneuvered</strong> the machinery into place.
58672	coming	Factory output will double in the <strong class="target-word">coming</strong> year.
58673	damaged	The conveyor belts were <strong class="target-word">damaged</strong> from excessive use.
58674	prevent	Employees are expected to observe safety guidelines to <strong class="target-word">prevent</strong> accidents.
58675	power	The plant was closed for half a business day due to a <strong class="target-word">power</strong> outage.
58676	chemical	Protective gear is needed when working with dangerous <strong class="target-word">chemicals</strong>.
58677	minimize	To <strong class="target-word">minimize</strong> employees' workload, the company upgraded its software.
58786	accidental	<strong class="target-word">accidentally</strong> adv. 우연히
58788	adequate	<strong class="target-word">adequately</strong> adv. 적절히
58793	extinct	<strong class="target-word">extinction</strong> n. 멸종
58823	acclaim	<strong class="target-word">acclaimed</strong> adj. 호평을 받은
58825	represent	<strong class="target-word">representation</strong> n. 대표
58826	represent	<strong class="target-word">representative</strong> n. 대표자
58828	retail	<strong class="target-word">retailer</strong> n. 소매 상인
58982	significant	<strong class="target-word">significantly</strong> adv. 상당히
59026	aggressive	<strong class="target-word">aggressively</strong> adv. 적극적으로
59027	assign	<strong class="target-word">assignment</strong> n. 업무, 과제
59030	contract	<strong class="target-word">contractor</strong> n. 계약자, 하청업체
59032	depend	<strong class="target-word">dependent</strong> adj. 의존하는
59033	depend	<strong class="target-word">dependence</strong> n. 의존
59037	implement	<strong class="target-word">implementation</strong> n. 이행, 실행
59121	earn	<strong class="target-word">earnings</strong> n. 소득, 수익
59122	earn	<strong class="target-word">earn</strong> : gain '얻다'를 의미하는 단어들의 용례 차이를 구별해 두자.
59123	earn	<strong class="target-word">earn</strong> (금전 등을) 벌다, (명성을) 얻다
59128	existing	<strong class="target-word">existing</strong> + equipment/product 기존 설비/제품
59129	exploit	<strong class="target-word">exploitation</strong> n. 착취, (부당한) 이용
59139	preference	meal <strong class="target-word">preference</strong>
59159	participation	<strong class="target-word">participation</strong> : participant
59235	lower	<strong class="target-word">lower</strong> the price
59236	lower	the <strong class="target-word">lower</strong> price
