32387	rain	Heavy <strong class="target-word">rain</strong> flooded the streets overnight.	폭우로 밤새 거리가 침수되었다.
34125	meeting	The two sides reached a <strong class="target-word">meeting</strong> of minds.	양측은 합의에 도달했다.
38384	brother	His elder <strong class="target-word">brother</strong> teaches at a university.	그의 형은 대학교에서 가르친다.
38385	brother	Her younger <strong class="target-word">brother</strong> just started middle school.	그녀의 남동생은 막 중학교에 입학했다.
38992	phrase	In a <strong class="target-word">phrase</strong>, the project was a great success.	한마디로 말하면 그 프로젝트는 큰 성공이었다.
39663	species	I felt a <strong class="target-word">species</strong> of shame after the argument.	논쟁 후 일종의 수치심 같은 것을 느꼈다.
44882	sake	She learned Japanese for her colleagues' <strong class="target-word">sake</strong>.	그녀는 동료들을 위해 일본어를 배웠다.
45766	faced	The grim-<strong class="target-word">faced</strong> officer entered the room.	험악한 얼굴을 한 장교가 방에 들어왔다.
45767	faced	The rough-<strong class="target-word">faced</strong> stone wall felt cold.	표면이 거친 돌담은 차갑게 느껴졌다.
52988	incarnation	He believes he was a warrior in a former <strong class="target-word">incarnation</strong>.	그는 전생에 전사였다고 믿는다.
58077	opening	There are several job <strong class="target-word">openings</strong> at the restaurant right now.	현재 그 식당에는 일자리가 몇 개 있다.
58081	meet	Applicants must <strong class="target-word">meet</strong> all the requirements for the job.	지원자들은 그 직책의 모든 필요조건을 만족시켜야 한다.
58082	qualified	People with master's degrees are <strong class="target-word">qualified</strong> for the research position.	석사 학위를 갖춘 사람들은 연구직에 자격이 있다.
58085	confidence	The recommendations showed <strong class="target-word">confidence</strong> in his abilities.	그 추천서들은 그의 능력에 대한 신임을 보여 주었다.
58087	professional	Jeff is known as a <strong class="target-word">professional</strong> photographer.	Jeff는 전문 사진가로 알려져 있다.
58096	position	The secretary <strong class="target-word">positioned</strong> the chairs around the table before the meeting began.	비서는 회의가 시작되기 전에 탁자 주변에 의자를 두었다.
58098	impressed	The CEO was <strong class="target-word">impressed</strong> by his assistant's organizing skills.	그 최고 경영자는 비서의 정리 능력을 인상 깊게 생각했다.
58100	eligible	The part-time workers are also <strong class="target-word">eligible</strong> for paid holidays.	시간제 근로자들도 유급 휴가를 받을 자격이 있다.
58103	associate	Two of the applicants were <strong class="target-word">associated</strong> with a competitor.	지원자 중 두 명은 경쟁사와 관련되어 있었다.
58106	Lack	Carl <strong class="target-word">lacked</strong> the ability to get along well with his coworkers.	Carl은 동료들과 잘 지내는 능력이 없었다.
58108	managerial	Mike is seeking a <strong class="target-word">managerial</strong> position in the accounting field.	Mike는 회계 분야에서 관리직 자리를 찾고 있다.
58110	familiar	Staff must review the handbook to become <strong class="target-word">familiar</strong> with it.	직원들은 익숙해지도록 안내서를 복습해야 한다.
58115	apprehensive	Many people feel <strong class="target-word">apprehensive</strong> before an important job interview.	많은 사람들은 중요한 면접 전에 걱정한다.
58117	entitle	Executives are <strong class="target-word">entitled</strong> to additional benefits.	임원들에게는 추가 혜택에 대한 자격이 주어진다.
58124	attire	Professional business <strong class="target-word">attire</strong> is required of all staff giving presentations.	발표를 하는 모든 직원들은 정장을 입어야 한다.
58129	concern	The recent work hour change will not <strong class="target-word">concern</strong> the design department.	최근의 근무 시간 변경은 디자인 부서에는 영향을 미치지 않을 것이다.
58136	severely	Those who share company data with outside parties will be <strong class="target-word">severely</strong> punished.	회사 자료를 외부인과 공유하는 사람은 엄격히 처벌될 것이다.
58140	access	There is direct <strong class="target-word">access</strong> to the subway near our new office.	새 사무실 근처에 지하철로 곧장 이어지는 통로가 있다.
58141	access	Click on the link to <strong class="target-word">access</strong> the detailed job description.	상세한 직무 내용을 보시려면 링크를 클릭하세요.
58148	form	Visitors are required to present a <strong class="target-word">form</strong> of identification to security guards.	방문객들은 신분증 한 가지를 경비원에게 제시해야 한다.
58156	effect	The incentive policy will be in <strong class="target-word">effect</strong> starting next week.	상여금 규정은 다음 주부터 효력이 있을 것이다.
58157	effect	He <strong class="target-word">effected</strong> a sudden change in the company's expansion plan.	그는 회사의 확장 계획에 갑작스러운 변화를 가져왔다.
58159	according to	All transactions must be handled <strong class="target-word">according to</strong> the guidelines.	모든 거래는 지침에 따라 처리되어야 한다.
58170	authorize	Allocations of funds must be <strong class="target-word">authorized</strong> by management.	자금 할당은 경영진에 의해 인가되어야 한다.
58679	deal	The problem will be <strong class="target-word">dealt</strong> with immediately.	그 문제는 즉시 처리될 것이다.
58681	deal	The government will <strong class="target-word">deal</strong> out debt relief grants to the poor.	정부는 빈민들에게 채무 구제 보조금을 나누어 줄 것이다.
58683	argumentative	Service personnel must avoid becoming <strong class="target-word">argumentative</strong> with upset customers.	서비스 직원들은 화난 손님들과 논쟁하는 것을 피해야 한다.
58693	specific	When seeking help online, clients must be very <strong class="target-word">specific</strong> in describing problems.	고객들은 온라인으로 도움을 요청할 때, 문제를 설명하는 데 있어 아주 구체적이어야 한다.
58699	confident	The manager is <strong class="target-word">confident</strong> that Ms. Brown will be an excellent team leader.	그 관리자는 Ms. Brown이 훌륭한 팀 리더가 될 것이라고 확신한다.
58700	cause	The defect in the lamp was <strong class="target-word">caused</strong> by improper wiring.	전등의 결함은 잘못된 배선에 의해 야기되었다.
58706	certain	Sharon was not <strong class="target-word">certain</strong> where she had bought the blouse.	Sharon은 그 블라우스를 어디서 샀는지 확신하지 못했다.
58707	certain	Registrants are required to provide <strong class="target-word">certain</strong> details on the form, but other information is optional.	등록자들은 양식에 특정 정보를 기입하도록 요구되지만, 다른 정보는 선택 사항이다.
58708	international	Passengers for <strong class="target-word">international</strong> flights check in at counter three.	국제선 승객들은 3번 카운터에서 탑승 수속을 한다.
58711	exotic	Our Web site contains information on numerous <strong class="target-word">exotic</strong> vacation spots.	저희 웹사이트에는 많은 이국적 휴양지에 대한 정보가 담겨 있습니다.
58713	superb	The service at the hotel was <strong class="target-word">superb</strong>.	그 호텔의 서비스는 최고였다.
58717	locate	Airline staff have tried to <strong class="target-word">locate</strong> the lost luggage.	항공사 직원들은 잃어버린 짐을 찾으려 노력했다.
58721	duty	Security personnel are on <strong class="target-word">duty</strong> at the airport around the clock.	공항에는 보안 직원들이 24시간 내내 근무 중이다.
58732	outgoing	The <strong class="target-word">outgoing</strong> flights are listed on the monitors.	출발편 비행기들이 모니터에 기재되어 있다.
58734	tour	A guided <strong class="target-word">tour</strong> of the airport's control tower is available.	공항의 관제탑 가이드 견학이 가능하다.
58737	brochure	Information about tours can be found in the <strong class="target-word">brochure</strong>.	관광에 대한 정보는 책자에서 찾을 수 있습니다.
58738	fill out/in	Please <strong class="target-word">fill out</strong> the customs declaration form below.	아래의 세관 신고서를 작성해 주십시오.
58744	proximity	The hotel is in close <strong class="target-word">proximity</strong> to the shopping distrit.	그 호텔은 쇼핑 구역과 아주 가까운 거리에 있다.
58745	unlimited	Guests have <strong class="target-word">unlimited</strong> access to the hotel's pool and spa.	손님들은 호텔의 수영장과 스파를 무제한으로 이용할 수 있다.
58747	prior	<strong class="target-word">Prior</strong> notice is required for cancellations of hotel reservations.	호텔 예약 취소 시에는 사전 통지가 요구된다.
58749	underway	Renovations to the airport terminal are currently <strong class="target-word">underway</strong>.	공항 터미널 보수 작업이 현재 진행 중이다.
58755	pollute	Automobile exhaust <strong class="target-word">pollutes</strong> the air in large cities.	자동차 배기가스는 대도시의 공기를 오염시킨다.
58756	reduce	The local government has decided to <strong class="target-word">reduce</strong> bus fares.	지방 정부는 버스 요금을 인하하기로 결정했다.
58762	congested	The <strong class="target-word">congested</strong> roads resulted in many late arrivals.	도로의 정체로 인해 많은 지각 도착이 발생했다.
58766	benefit	Reduced air pollution will <strong class="target-word">benefit</strong> everyone.	대기 오염이 감소하면 모두에게 이로울 것이다.
58768	hazardous	It is <strong class="target-word">hazardous</strong> to drive when the roads are icy.	도로가 얼었을 때 운전하는 것은 위험하다.
58769	implement	The plan to <strong class="target-word">implement</strong> a new traffic system was approved.	새로운 교통망을 확충하려는 계획이 승인되었다.
58770	leak	They should fix the <strong class="target-word">leak</strong> in the pipe immediately.	그들은 파이프의 샘을 즉시 고쳐야 한다.
58776	rural	Lawyers are often used to settle disputes in <strong class="target-word">rural</strong> areas.	변호사들은 시골 지역의 분쟁을 해결하기 위해 자주 고용된다.
58778	suburban	The law firm is located in a <strong class="target-word">suburban</strong> area.	그 법률 회사는 교외 지역에 위치해 있다.
58781	toxic	The dispute was caused by <strong class="target-word">toxic</strong> waste disposal in the area.	분쟁은 그 지역의 독성 폐기물 처리로 인해 발생했다.
58782	urban	The <strong class="target-word">urban</strong> renewal project was included in the contract.	도시 재생 프로젝트가 계약에 포함되었다.
58798	dealer	We are the leading <strong class="target-word">dealer</strong> of consumer electronics in the country.	우리는 국내의 주요 전자 제품 판매업체이다.
58799	bulk	You will get a discount if you buy the goods in <strong class="target-word">bulk</strong>.	대량으로 물건을 구매하면 할인을 받을 것이다.
58801	short	The promotion had to be canceled because we were <strong class="target-word">short</strong> of staff.	직원이 부족했기 때문에 판촉 행사는 취소되어야만 했다.
58803	selection	The shop offers a wide <strong class="target-word">selection</strong> of designer clothing.	그 상점은 다양하게 엄선된 디자이너 의류를 제공한다.
58806	contact	The advertisement <strong class="target-word">contacted</strong> thousands of potential customers.	그 광고는 수천 명의 잠재 고객들에게 닿았다.
58814	subject	All prices are <strong class="target-word">subject</strong> to change without prior notice.	모든 가격은 사전 통보 없이 변경될 수 있다.
58818	unable	The shop was <strong class="target-word">unable</strong> to fulfill the order due to a power outage.	그 상점은 정전 때문에 주문을 처리할 수 없었다.
58821	stock	The manager decided to <strong class="target-word">stock</strong> a new range of products.	관리자는 새로운 종류의 제품을 갖추어 놓기로 결정했다.
58831	quote	price <strong class="target-word">quote</strong>	가격 견적
58832	quote	custom <strong class="target-word">quote</strong>	주문 견적
58841	shipment	The <strong class="target-word">shipment</strong> of the new cars was delayed by the storm.	신차들의 발송이 폭풍 때문에 지연되었다.
58848	careful	Be <strong class="target-word">careful</strong> when handling the fragile glassware.	깨지기 쉬운 유리 제품을 취급할 때는 조심하세요.
58849	Pick up	I will <strong class="target-word">pick up</strong> the groceries on my way home from work.	퇴근하는 길에 식료품을 찾아올 것이다.
58850	carry	The shop <strong class="target-word">carries</strong> a wide variety of handmade gifts.	그 상점은 매우 다양한 수제 선물을 팔고 있다.
58857	unable	We were <strong class="target-word">unable</strong> to reach an agreement on the terms of the contract.	우리는 계약 조건에 대한 합의에 도달할 수 없었다.
58860	stock	The manager decided to <strong class="target-word">stock</strong> a new range of products for the upcoming season.	관리자는 다가오는 시즌을 위해 새로운 종류의 제품을 갖추어 놓기로 결정했다.
58865	cater	The hotel <strong class="target-word">caters</strong> to the needs of business travelers.	그 호텔은 비즈니스 여행객들의 요구를 만족시킨다.
58878	complimentary	The hotel offers a <strong class="target-word">complimentary</strong> shuttle service to the airport.	그 호텔은 공항까지 무료 셔틀 서비스를 제공한다.
58894	landmark	The Statue of Liberty is a world-renowned <strong class="target-word">landmark</strong>.	자유의 여신상은 세계적으로 유명한 주요 지표이다.
58895	occupancy	The hotel maintains high <strong class="target-word">occupancy</strong> rates throughout the year.	그 호텔은 연중 높은 투숙률을 유지한다.
58897	remind	Please <strong class="target-word">remind</strong> the guests that breakfast is served until 10 a.m.	투숙객들에게 아침 식사가 오전 10시까지 제공된다는 것을 상기시켜 주세요.
58907	confidential	All employee records are kept in a <strong class="target-word">confidential</strong> file.	모든 직원 기록은 기밀 파일에 보관된다.
58938	technical	Please contact the <strong class="target-word">technical</strong> support team for assistance.	도움을 위해 기술 지원 팀에 연락해 주세요.
58945	financial	The company's <strong class="target-word">financial</strong> situation has improved significantly.	회사의 재무 상황이 상당히 개선되었다.
58946	curtail	We need to <strong class="target-word">curtail</strong> our spending to balance the budget.	우리는 예산의 균형을 맞추기 위해 지출을 줄여야 한다.
58969	incidental	The <strong class="target-word">incidental</strong> expenses for the business trip were reimbursed.	출장 중 부수적인 비용들은 환급되었다.
58971	liable	The contractor is <strong class="target-word">liable</strong> for any damage to the building.	계약자는 건물에 대한 어떤 손상에 대해서도 책임이 있다.
58972	marginal	The difference in price between the two models is only <strong class="target-word">marginal</strong>.	두 모델 간의 가격 차이는 아주 근소할 뿐이다.
58974	overdue	All <strong class="target-word">overdue</strong> payments must be settled by the end of the month.	모든 미납금은 이달 말까지 정산되어야 한다.
58976	profitable	New marketing strategies have made the company more <strong class="target-word">profitable</strong>.	새로운 마케팅 전략들이 회사를 더 수익성 있게 만들었다.
59010	commercial	The <strong class="target-word">commercial</strong> success of the product exceeded all our expectations.	그 제품의 상업적 성공은 우리의 모든 기대를 뛰어넘었다.
59012	consecutive	The company has recorded profits for five <strong class="target-word">consecutive</strong> years.	그 회사는 5년 연속으로 수익을 기록했다.
59041	convene	The committee will <strong class="target-word">convene</strong> at 10:00 A.M. to finalize the budget plan.	위원회는 예산안을 확정하기 위해 오전 10시에 모일 것이다.
59044	unanimous	The board reached a <strong class="target-word">unanimous</strong> decision to appoint Ms. Han as the new CEO.	이사회는 Ms. Han을 새로운 CEO로 임명하는 만장일치 결정을 내렸다.
59062	distract	Please try not to <strong class="target-word">distract</strong> the employees while they are working on the final report.	직원들이 최종 보고서를 작성하는 동안 그들의 주의를 흩뜨리지 않도록 하십시오.
59067	relevant	The candidate's previous experience in marketing is highly <strong class="target-word">relevant</strong> to this position.	지원자의 이전 마케팅 경험은 이 직책과 매우 관련이 있다.
59071	shortly	We will be starting the meeting <strong class="target-word">shortly</strong>, so please take your seats.	곧 회의를 시작할 것이니, 자리에 앉아 주십시오.
59077	forget	Please don't <strong class="target-word">forget</strong> to sign and return the enclosed contract by Friday.	금요일까지 동봉된 계약서에 서명하여 반송하는 것을 잊지 마십시오.
59078	nervous	The employee felt <strong class="target-word">nervous</strong> about presenting her ideas to the senior management.	그 직원은 고위 경영진에게 자신의 아이디어를 발표하는 것에 대해 초조해했다.
59081	annual	This year's <strong class="target-word">annual</strong> conference was held in Atlanta.	올해의 연례 회의는 애틀랜타에서 열렸다.
59095	result	Positive responses to the prototype <strong class="target-word">resulted</strong> in more funding for it.	시제품에 대한 긍정적인 반응은 그것을 위한 더 많은 자금 지원을 야기했다.
59098	grateful	Ms. Warren was <strong class="target-word">grateful</strong> for her recent raise in salary.	Ms. Warren은 최근의 급여 인상에 대해 고마워했다.
59106	tentative	The plan to increase paternity leave is still <strong class="target-word">tentative</strong>.	남성 육아 휴직을 늘리겠다는 계획은 여전히 임시적일 뿐이다.
59112	excited	Fred was <strong class="target-word">excited</strong> about the opportunities his promotion would give him.	Fred는 자신의 승진으로 제공받을 기회들에 신이 났다.
59115	honor	A banquet was held in <strong class="target-word">honor</strong> of our director's retirement.	우리 이사님의 은퇴를 기념하는 연회가 개최되었다.
59142	transfer	The administrator has been <strong class="target-word">transferred</strong> to England.	그 관리자는 영국으로 전근되었다.
59144	mandatory	Attendance to the weekly staff meeting is <strong class="target-word">mandatory</strong>.	주간 직원회의 출석은 의무적이다.
59145	competent	Eileen is very <strong class="target-word">competent</strong> at her job and is well-liked by her staff.	Eileen은 일에 있어서 매우 유능하고 그녀의 직원들에게 매우 사랑받는다.
59148	search	We have been in <strong class="target-word">search</strong> of a new president ever since Mr. Rowles resigned.	우리는 Mr. Rowles가 사임한 후로 계속해서 새 회장을 찾고 있다.
59149	inexperienced	Robert is too <strong class="target-word">inexperienced</strong> to be promoted to manager.	Robert는 부장으로 승진하기에 너무 경험이 없다.
59150	early	Ms. Jones opted for an <strong class="target-word">early</strong> retirement.	Ms. Jones는 조기 퇴직을 선택했다.
59152	executive	Mr. Fulton holds an <strong class="target-word">executive</strong> position at Greenway Bank.	Mr. Fulton은 Greenway 은행에서 경영직을 맡고 있다.
59173	congestion	Traffic <strong class="target-word">congestion</strong> on the highway is heaviest between 5 P.M. and 7 P.M.	고속도로의 교통 체증은 오후 5시부터 7시 사이에 가장 심하다.
59192	automotive	<strong class="target-word">Automotive</strong> repair service is offered for free on new vehicles.	신차에는 자동차 수리 서비스가 무료로 제공된다.
59194	official	The <strong class="target-word">official</strong> report showed that automobile accidents have recently increased.	그 공식 보고서는 최근에 자동차 사고가 증가하고 있음을 나타냈다.
59198	trust	Drivers <strong class="target-word">trust</strong> that the police will keep roadways safe.	운전자들은 경찰이 도로를 안전하게 유지할 것이라고 믿는다.
59199	head	The motorcyclists <strong class="target-word">headed</strong> west toward the mountains.	오토바이 운전자들은 산을 향해 서쪽으로 나아갔다.
59208	tow	All unauthorized vehicles will be <strong class="target-word">towed</strong>.	허가되지 않은 모든 차량은 견인될 것이다.
59209	reverse	Jim accidentally put the truck into <strong class="target-word">reverse</strong> gear.	Jim은 실수로 트럭을 후진 기어에 놓았다.
59210	obstruct	Passengers must not <strong class="target-word">obstruct</strong> the driver's view.	승객들은 운전자의 시야를 가리지 말아야 한다.
59211	delinquent	The <strong class="target-word">delinquent</strong> account has been suspended.	그 연체된 계좌는 정지되었다.
59212	overdue	The bill for October is <strong class="target-word">overdue</strong> and must be paid soon.	10월 청구서는 지불 기한이 지났으므로 곧 납부되어야 한다.
59217	account	Banks always take security into <strong class="target-word">account</strong>.	은행은 항시 보안을 고려한다.
59222	due	The payment is <strong class="target-word">due</strong> on the first of next month.	지불은 다음 달 1일까지이다.
59231	pleasure	Fast and friendly service makes it a <strong class="target-word">pleasure</strong> to bank with Township Capital.	빠르고 친절한 서비스는 Township Capital사와 거래하는 것을 즐겁게 한다.
59243	in common	Credit unions and banks have much <strong class="target-word">in common</strong>.	신용 협동조합과 은행은 많은 공통점이 있다.
59253	heavily	The institution <strong class="target-word">heavily</strong> relies on capital gained from lending.	그 기관은 대출로 얻은 자금에 지나치게 의존하고 있다.
59257	mortgage	Higher <strong class="target-word">mortgage</strong> rates will hurt homeowners.	더 높은 담보 대출 금리는 주택 소유자들에게 손해를 입힐 것이다.
59258	payable	Make all checks <strong class="target-word">payable</strong> to Everson Ltd.	모든 수표가 Everson사에 지불되도록 해 주십시오.
59259	personal	Jane visited the bank to cash a <strong class="target-word">personal</strong> check.	Jane은 개인 수표를 현금으로 바꾸기 위해 은행에 들렀다.
59265	foreseeable	Oil companies have no expansion plans in the <strong class="target-word">foreseeable</strong> future.	석유 회사들은 당분간 확장 계획을 가지고 있지 않다.
59268	on behalf of	The broker received authorization to sell shares <strong class="target-word">on behalf of</strong> his client.	그 중개인은 고객을 대신해 주식을 매각할 수 있는 권한을 받았다.
59282	cautious	Analysts are <strong class="target-word">cautious</strong> about recommending the troubled company's stocks.	분석가들은 문제가 많은 회사의 주식을 추천하는 것에 대해 조심한다.
59301	residence	Students usually attend the school closest to their <strong class="target-word">residence</strong>.	학생들은 보통 자신의 집에서 가장 가까운 학교에 다닌다.
59303	drape	The decorator <strong class="target-word">draped</strong> the living room windows with a silk curtain.	그 장식가는 거실 창문들을 실크 커튼으로 장식했다.
59304	unoccupied	The top floor has been <strong class="target-word">unoccupied</strong> for four months.	꼭대기 층은 넉 달 동안 비어 있었다.
59306	appropriate	The apartment's size is <strong class="target-word">appropriate</strong> for a family of four.	그 아파트의 규모는 4인 가족에게 적당하다.
59318	abandon	The building project was <strong class="target-word">abandoned</strong> when funds ran out.	건설 프로젝트는 자금이 고갈되자 중단되었다.
59327	compulsory	Obtaining permission for home renovations is <strong class="target-word">compulsory</strong>.	주택 개조를 위한 허가 취득은 의무적이다.
59336	permanent	Please write your <strong class="target-word">permanent</strong> address in the space provided.	제시된 공간에 본적을 기입해 주세요.
59337	adjacent	The storage room is <strong class="target-word">adjacent</strong> to the administrative offices.	창고는 행정실에 인접해 있다.
59346	clear	The picnic was held at the park on a <strong class="target-word">clear</strong> day.	맑게 갠 날 공원에서 소풍이 열렸다.
59351	ideal	The weather this week has been <strong class="target-word">ideal</strong> for a camping trip.	이번 주 날씨는 캠핑 여행을 가기에 이상적이었다.
59357	pleasing	Trees in city parks are not only <strong class="target-word">pleasing</strong> to see, but environmentally beneficial.	시립 공원의 나무들은 보기에도 즐거울 뿐만 아니라 환경적으로도 이롭다.
59358	Mark	The company <strong class="target-word">marked</strong> Arbor Day by planting trees on its compound.	그 회사는 구내에 나무를 심는 것으로 식목일을 기념했다.
59359	inaccessible	The wildlife park is <strong class="target-word">inaccessible</strong> by car, so visitors have to take a ferry.	그 야생 공원은 자동차로 접근이 불가능해서, 방문객들은 페리를 타고 가야 한다.
59363	dense	The Black Forest is so <strong class="target-word">dense</strong> that it appears dark even at noon.	Black 숲은 너무 빽빽해서 한낮에도 어두워 보인다.
59364	environmental	Climate change has become a major global <strong class="target-word">environmental</strong> issue.	기후 변화는 전 세계적으로 중요한 환경 문제가 되었다.
59365	consistent	Factory construction must be <strong class="target-word">consistent</strong> with government environmental regulations.	공장 건설은 정부 환경 규정에 일치해야 한다.
59366	leak	Improperly sealed tanks slowly <strong class="target-word">leaked</strong> chemicals into the water.	부적절하게 밀봉된 탱크가 화학 물질이 물속으로 천천히 새게 했다.
59369	contaminate	The water was <strong class="target-word">contaminated</strong> with gasoline.	물이 휘발유로 오염되었다.
59374	deplete	The area's water resources have been <strong class="target-word">depleted</strong>, causing a drop in produce.	그 지역의 수자원이 고갈되면서 농산물 감소의 원인이 되었다.
59375	purify	The plant <strong class="target-word">purifies</strong> the water before it is offered to the local population.	그 공장은 지역 주민들에게 제공되기 전에 물을 정화시킨다.
59392	comprehensive	Executives are required to undergo a <strong class="target-word">comprehensive</strong> physical examination once a year.	경영진은 1년에 한 번 종합 신체검사를 받도록 요구된다.
59395	necessary	Surgery may be <strong class="target-word">necessary</strong> to remove the patient's tumor.	환자의 종양을 제거하기 위해 수술이 필요할 수도 있다.
59403	dental	It is important to receive <strong class="target-word">dental</strong> checkups regularly.	정기적으로 치과 검진을 받는 것은 중요하다.
59404	dietary	The Bureau of Health has issued a set of <strong class="target-word">dietary</strong> guidelines for optimal nutrition.	보건국은 최적의 영양을 위한 식단 지침을 발표했다.
59405	related	Illnesses with <strong class="target-word">related</strong> symptoms can be a challenge to diagnose properly.	관련 증상을 수반하는 질환들은 제대로 진단하는 것이 어려울 수 있다.
59406	transmit	The flu virus is <strong class="target-word">transmitted</strong> through the air.	독감 바이러스는 공기를 통해 전염된다.
59412	pharmaceutical	The <strong class="target-word">pharmaceutical</strong> company markets children's dietary supplements.	그 제약 회사는 아동용 보조 식품을 판매한다.
59416	conscious	People taking medication need to be <strong class="target-word">conscious</strong> of the risks.	약을 복용하는 사람들은 위험성에 대해 알고 있을 필요가 있다.
59423	susceptible	A weakened immune system makes one <strong class="target-word">susceptible</strong> to colds.	약화된 면역 체계는 감기에 걸리기 쉽게 만든다.
59424	uncomfortably	The meeting ran <strong class="target-word">uncomfortably</strong> long, delaying other scheduled appointments.	회의가 불쾌할 정도로 길어져 다른 예정된 약속들이 지연되었습니다.
